Workbook
Name L_所属: '選択肢'!$A$5:$A$20
Name L_在籍: '選択肢'!$B$5:$B$20
Name L_区分: '選択肢'!$C$5:$C$20
Name L_資格名: '選択肢'!$D$5:$D$20
Name L_種別: '選択肢'!$E$5:$E$20
Name L_地点: '選択肢'!$F$5:$F$20
Name L_有無: '選択肢'!$G$5:$G$20
Name L_抽出区分: '選択肢'!$H$5:$H$15
Name L_職員番号: '隊員マスタ'!$A$5:$A$204
Name L_事案ID: '事案'!$A$5:$A$1004

Sheet 使い方
A1: 潜水管理台帳 第2版
A2: 宮古島市消防本部 潜水隊。Excel 2019対応。一覧と集計は数式だけで動き、マクロは取り込み・書き出し用。氏名・数値はすべて見本です。
A4: 見る（自動）
A5: 隊員一覧 | B5: 1人1行。免許・研修・小型船舶・潜水本数・ブランクを一覧表示。太字は要確認
A6: 資格一覧 | B6: 隊員×資格の○—表
A7: 経歴簿 | B7: 職員番号を選ぶと、その人の潜水歴と累計が並ぶ。PDFで出せる
A8: 報告書 | B8: 事案IDを選ぶと、潜水活動報告書が1枚にまとまる。PDFで出し、指揮者が確認して署名する
A9: CSV抽出 | B9: 期間・区分・職員番号で潜水記録を絞り込み、CSVで出す
A11: 入力する
A12: 潜水記録・事案 | B12: アプリのCSVを取り込むと自動で入る。手で入力もできる。右端（AL列から）はアプリの追加記録（記録ID・浮上開始時刻・安全停止など）
A13: 隊員マスタ | B13: 1人1行。職員番号は重複不可（0で始まる番号もそのまま入る）。異動・退職しても行は消さず在籍状態を変える
A14: 資格研修記録 | B14: 1件1行。小型船舶は級ごとに1行（1級と特殊なら2行）
A15: 潜水表 | B15: アプリの潜水表の正本。直したら2人で照合し［アプリ用に書き出す］
A16: 選択肢 | B16: プルダウンの中身
A18: アプリの記録を取り込む
A19: 1 | B19: 現場用スマホから届いたメールのCSVを、パソコンに保存する（ダブルクリックでExcelで開かない。開いて上書き保存すると文字や番号が変わるので、取り込めなくなる）
A20: 2 | B20: 潜水記録シートの［アプリのCSVを取り込む］→ CSVを選ぶ（複数選べる）
A21: 3 | B21: 同じ潜水（記録IDが同じ。記録IDのない古いCSVは 事案ID・職員番号・本数が同じ）は二重に入らない。CSVの記録更新日時が台帳より新しいときだけ上書き（更新）・削除する。同じか古いCSVを取り込み直しても、署で手で直した内容は変わらない。アプリで削除した記録は行が空き、記録IDだけ残る（古いCSVで戻らないように。まだ台帳にない記録の削除も、この印の行を作る）
A22: 4 | B22: 報告書シートで事案IDを選び［報告書をPDF］→ 印刷して指揮者が確認・署名する
A24: 潜水表をアプリに送る
A25: 1 | B25: 潜水表シートの数値を直し、2人で照合して「照合」欄を照合済みにする
A26: 2 | B26: ［アプリ用に書き出す］→「出力」フォルダに .json ができる
A27: 3 | B27: その .json を現場用スマホへメールで送り、アプリの 潜水表 →［潜水表ファイルを読み込む］
A29: マクロの組み込み（初回だけ）
A30: 1 | B30: このファイルを［名前を付けて保存］→ 種類「Excel マクロ有効ブック（.xlsm）」。保存先はパソコンの中（例：ドキュメント）。OneDrive上のままではPDFや書き出しができない
A31: 2 | B31: Alt＋F11 → 左のプロジェクト一覧で「VBAProject (潜水管理台帳.xlsm)」をクリックして選ぶ →［ファイル］→［ファイルのインポート］→ 潜水管理マクロ.bas（別のブックを選んだまま取り込むと、そのブックに入ってしまう）
A32: 3 | B32: Alt＋F8 →「SetupButtons」を実行。各シートにボタンが付く
A33: 4 | B33: 上書き保存。次回から開くときに［コンテンツの有効化］
A35: 注意
A36: 判定 | B36: アプリの判定（表の判定・グループなど）はNAUI潜水表による計算の目安。実際の判断は指揮者とダイブコンピュータを優先する
A37: 記録の保存 | B37: 作業の記録は5年間保存（高圧則 第20条の2）。潜水記録・事案の行は消さず、この台帳ごと保存しておく
A38: CSVのメール | B38: メールの設定によっては、CSVの添付が消えたり迷惑メールに入ったりする。届いたら添付の有無と件数を確かめ、無いときはアプリから送り直す（アプリには記録が残っている）
A39: Excelで開いたCSV | B39: Excelで開いて上書き保存したCSVは取り込まない（「Excelで保存し直したCSVです」と出る）。メールで届いた元のファイルを使う
A40: 上限 | B40: 隊員200人、資格研修記録1000件、潜水記録3000件、事案1000件まで。経歴簿は1人300本、報告書は1事案30本まで表示（超えるとPDFを作るときに知らせる）

Sheet 隊員一覧
A1: 隊員一覧
A2: 基準日 | B2: =TODAY() | C2: 年度 | D2: =YEAR(EDATE(B2,-3)) | F2: このシートは自動表示です。入力は「隊員マスタ」「資格研修記録」「潜水記録」へ。
A4: 在籍隊員 | C4: 潜水士免許 保有 | F4: 小型船舶 保有（有効） | H4: 今年度 潜水本数
A5: =COUNTIF($D$8:$D$207,"在籍") | C5: =COUNTIFS($D$8:$D$207,"在籍",$E$8:$E$207,"有") | F5: =SUMPRODUCT(($D$8:$D$207="在籍")*((((LEFT($G$8:$G$207,2)="1級")+(LEFT($G$8:$G$207,2)="2級")+ISNUMBER(SEARCH("・特殊",$G$8:$G$207))+($G$8:$G$207="特殊"))>0))) | H5: =COUNTIF('潜水記録'!$AF$5:$AF$3004,D2)
A7: 職員番号 | B7: 氏名 | C7: 所属 | D7: 在籍 | E7: 潜水士免許 | F7: 水難救助研修 | G7: 小型船舶 | H7: 今年度 本数 | I7: 累計 本数 | J7: 累計 潜水時間(分) | K7: 最大水深(m) | L7: 最終潜水日 | M7: 最終潜水から(日)
A8: =IF('隊員マスタ'!A5="","",'隊員マスタ'!A5) | B8: =IF(A8="","",'隊員マスタ'!B5) | C8: =IF(A8="","",'隊員マスタ'!C5) | D8: =IF(A8="","",'隊員マスタ'!D5) | E8: =IF(A8="","",IF(COUNTIFS('資格研修記録'!$A$5:$A$1004,A8,'資格研修記録'!$D$5:$D$1004,"潜水士免許")>0,"有","無")) | F8: =IF(A8="","",IF(COUNTIFS('資格研修記録'!$A$5:$A$1004,A8,'資格研修記録'!$D$5:$D$1004,"水難救助研修")>0,"修了","—")) | G8: =IF(A8="","",IF((IF((COUNTIFS('資格研修記録'!$A$5:$A$1004,A8,'資格研修記録'!$D$5:$D$1004,"小型船舶1級",'資格研修記録'!$F$5:$F$1004,"")+COUNTIFS('資格研修記録'!$A$5:$A$1004,A8,'資格研修記録'!$D$5:$D$1004,"小型船舶1級",'資格研修記録'!$F$5:$F$1004,">="&TODAY()))>0,"1級",IF((COUNTIFS('資格研修記録'!$A$5:$A$1004,A8,'資格研修記録'!$D$5:$D$1004,"小型船舶2級",'資格研修記録'!$F$5:$F$1004,"")+COUNTIFS('資格研修記録'!$A$5:$A$1004,A8,'資格研修記録'!$D$5:$D$1004,"小型船舶2級",'資格研修記録'!$F$5:$F$1004,">="&TODAY()))>0,"2級",IF(COUNTIFS('資格研修記録'!$A$5:$A$1004,A8,'資格研修記録'!$D$5:$D$1004,"小型船舶1級")+COUNTIFS('資格研修記録'!$A$5:$A$1004,A8,'資格研修記録'!$D$5:$D$1004,"小型船舶2級")>0,"× 1・2級 期限切れ",""))))&(IF((COUNTIFS('資格研修記録'!$A$5:$A$1004,A8,'資格研修記録'!$D$5:$D$1004,"小型船舶特殊",'資格研修記録'!$F$5:$F$1004,"")+COUNTIFS('資格研修記録'!$A$5:$A$1004,A8,'資格研修記録'!$D$5:$D$1004,"小型船舶特殊",'資格研修記録'!$F$5:$F$1004,">="&TODAY()))>0,"特殊",IF(COUNTIFS('資格研修記録'!$A$5:$A$1004,A8,'資格研修記録'!$D$5:$D$1004,"小型船舶特殊")>0,"× 特殊 期限切れ","")))="","—",_xlfn.TEXTJOIN("・",TRUE,IF((COUNTIFS('資格研修記録'!$A$5:$A$1004,A8,'資格研修記録'!$D$5:$D$1004,"小型船舶1級",'資格研修記録'!$F$5:$F$1004,"")+COUNTIFS('資格研修記録'!$A$5:$A$1004,A8,'資格研修記録'!$D$5:$D$1004,"小型船舶1級",'資格研修記録'!$F$5:$F$1004,">="&TODAY()))>0,"1級",IF((COUNTIFS('資格研修記録'!$A$5:$A$1004,A8,'資格研修記録'!$D$5:$D$1004,"小型船舶2級",'資格研修記録'!$F$5:$F$1004,"")+COUNTIFS('資格研修記録'!$A$5:$A$1004,A8,'資格研修記録'!$D$5:$D$1004,"小型船舶2級",'資格研修記録'!$F$5:$F$1004,">="&TODAY()))>0,"2級",IF(COUNTIFS('資格研修記録'!$A$5:$A$1004,A8,'資格研修記録'!$D$5:$D$1004,"小型船舶1級")+COUNTIFS('資格研修記録'!$A$5:$A$1004,A8,'資格研修記録'!$D$5:$D$1004,"小型船舶2級")>0,"× 1・2級 期限切れ",""))),IF((COUNTIFS('資格研修記録'!$A$5:$A$1004,A8,'資格研修記録'!$D$5:$D$1004,"小型船舶特殊",'資格研修記録'!$F$5:$F$1004,"")+COUNTIFS('資格研修記録'!$A$5:$A$1004,A8,'資格研修記録'!$D$5:$D$1004,"小型船舶特殊",'資格研修記録'!$F$5:$F$1004,">="&TODAY()))>0,"特殊",IF(COUNTIFS('資格研修記録'!$A$5:$A$1004,A8,'資格研修記録'!$D$5:$D$1004,"小型船舶特殊")>0,"× 特殊 期限切れ",""))))) | H8: =IF(A8="","",COUNTIFS('潜水記録'!$B$5:$B$3004,A8,'潜水記録'!$AF$5:$AF$3004,$D$2)) | I8: =IF(A8="","",COUNTIF('潜水記録'!$B$5:$B$3004,A8)) | J8: =IF(A8="","",SUMIF('潜水記録'!$B$5:$B$3004,A8,'潜水記録'!$H$5:$H$3004)) | K8: =IF(A8="","",IF(I8=0,"",_xlfn.MAXIFS('潜水記録'!$G$5:$G$3004,'潜水記録'!$B$5:$B$3004,A8))) | L8: =IF(A8="","",IF(I8=0,"",_xlfn.MAXIFS('潜水記録'!$A$5:$A$3004,'潜水記録'!$B$5:$B$3004,A8))) | M8: =IF(L8="","",$B$2-L8)
A9: =IF('隊員マスタ'!A6="","",'隊員マスタ'!A6) | B9: =IF(A9="","",'隊員マスタ'!B6) | C9: =IF(A9="","",'隊員マスタ'!C6) | D9: =IF(A9="","",'隊員マスタ'!D6) | E9: =IF(A9="","",IF(COUNTIFS('資格研修記録'!$A$5:$A$1004,A9,'資格研修記録'!$D$5:$D$1004,"潜水士免許")>0,"有","無")) | F9: =IF(A9="","",IF(COUNTIFS('資格研修記録'!$A$5:$A$1004,A9,'資格研修記録'!$D$5:$D$1004,"水難救助研修")>0,"修了","—")) | G9: =IF(A9="","",IF((IF((COUNTIFS('資格研修記録'!$A$5:$A$1004,A9,'資格研修記録'!$D$5:$D$1004,"小型船舶1級",'資格研修記録'!$F$5:$F$1004,"")+COUNTIFS('資格研修記録'!$A$5:$A$1004,A9,'資格研修記録'!$D$5:$D$1004,"小型船舶1級",'資格研修記録'!$F$5:$F$1004,">="&TODAY()))>0,"1級",IF((COUNTIFS('資格研修記録'!$A$5:$A$1004,A9,'資格研修記録'!$D$5:$D$1004,"小型船舶2級",'資格研修記録'!$F$5:$F$1004,"")+COUNTIFS('資格研修記録'!$A$5:$A$1004,A9,'資格研修記録'!$D$5:$D$1004,"小型船舶2級",'資格研修記録'!$F$5:$F$1004,">="&TODAY()))>0,"2級",IF(COUNTIFS('資格研修記録'!$A$5:$A$1004,A9,'資格研修記録'!$D$5:$D$1004,"小型船舶1級")+COUNTIFS('資格研修記録'!$A$5:$A$1004,A9,'資格研修記録'!$D$5:$D$1004,"小型船舶2級")>0,"× 1・2級 期限切れ",""))))&(IF((COUNTIFS('資格研修記録'!$A$5:$A$1004,A9,'資格研修記録'!$D$5:$D$1004,"小型船舶特殊",'資格研修記録'!$F$5:$F$1004,"")+COUNTIFS('資格研修記録'!$A$5:$A$1004,A9,'資格研修記録'!$D$5:$D$1004,"小型船舶特殊",'資格研修記録'!$F$5:$F$1004,">="&TODAY()))>0,"特殊",IF(COUNTIFS('資格研修記録'!$A$5:$A$1004,A9,'資格研修記録'!$D$5:$D$1004,"小型船舶特殊")>0,"× 特殊 期限切れ","")))="","—",_xlfn.TEXTJOIN("・",TRUE,IF((COUNTIFS('資格研修記録'!$A$5:$A$1004,A9,'資格研修記録'!$D$5:$D$1004,"小型船舶1級",'資格研修記録'!$F$5:$F$1004,"")+COUNTIFS('資格研修記録'!$A$5:$A$1004,A9,'資格研修記録'!$D$5:$D$1004,"小型船舶1級",'資格研修記録'!$F$5:$F$1004,">="&TODAY()))>0,"1級",IF((COUNTIFS('資格研修記録'!$A$5:$A$1004,A9,'資格研修記録'!$D$5:$D$1004,"小型船舶2級",'資格研修記録'!$F$5:$F$1004,"")+COUNTIFS('資格研修記録'!$A$5:$A$1004,A9,'資格研修記録'!$D$5:$D$1004,"小型船舶2級",'資格研修記録'!$F$5:$F$1004,">="&TODAY()))>0,"2級",IF(COUNTIFS('資格研修記録'!$A$5:$A$1004,A9,'資格研修記録'!$D$5:$D$1004,"小型船舶1級")+COUNTIFS('資格研修記録'!$A$5:$A$1004,A9,'資格研修記録'!$D$5:$D$1004,"小型船舶2級")>0,"× 1・2級 期限切れ",""))),IF((COUNTIFS('資格研修記録'!$A$5:$A$1004,A9,'資格研修記録'!$D$5:$D$1004,"小型船舶特殊",'資格研修記録'!$F$5:$F$1004,"")+COUNTIFS('資格研修記録'!$A$5:$A$1004,A9,'資格研修記録'!$D$5:$D$1004,"小型船舶特殊",'資格研修記録'!$F$5:$F$1004,">="&TODAY()))>0,"特殊",IF(COUNTIFS('資格研修記録'!$A$5:$A$1004,A9,'資格研修記録'!$D$5:$D$1004,"小型船舶特殊")>0,"× 特殊 期限切れ",""))))) | H9: =IF(A9="","",COUNTIFS('潜水記録'!$B$5:$B$3004,A9,'潜水記録'!$AF$5:$AF$3004,$D$2)) | I9: =IF(A9="","",COUNTIF('潜水記録'!$B$5:$B$3004,A9)) | J9: =IF(A9="","",SUMIF('潜水記録'!$B$5:$B$3004,A9,'潜水記録'!$H$5:$H$3004)) | K9: =IF(A9="","",IF(I9=0,"",_xlfn.MAXIFS('潜水記録'!$G$5:$G$3004,'潜水記録'!$B$5:$B$3004,A9))) | L9: =IF(A9="","",IF(I9=0,"",_xlfn.MAXIFS('潜水記録'!$A$5:$A$3004,'潜水記録'!$B$5:$B$3004,A9))) | M9: =IF(L9="","",$B$2-L9)
A10: =IF('隊員マスタ'!A7="","",'隊員マスタ'!A7) | B10: =IF(A10="","",'隊員マスタ'!B7) | C10: =IF(A10="","",'隊員マスタ'!C7) | D10: =IF(A10="","",'隊員マスタ'!D7) | E10: =IF(A10="","",IF(COUNTIFS('資格研修記録'!$A$5:$A$1004,A10,'資格研修記録'!$D$5:$D$1004,"潜水士免許")>0,"有","無")) | F10: =IF(A10="","",IF(COUNTIFS('資格研修記録'!$A$5:$A$1004,A10,'資格研修記録'!$D$5:$D$1004,"水難救助研修")>0,"修了","—")) | G10: =IF(A10="","",IF((IF((COUNTIFS('資格研修記録'!$A$5:$A$1004,A10,'資格研修記録'!$D$5:$D$1004,"小型船舶1級",'資格研修記録'!$F$5:$F$1004,"")+COUNTIFS('資格研修記録'!$A$5:$A$1004,A10,'資格研修記録'!$D$5:$D$1004,"小型船舶1級",'資格研修記録'!$F$5:$F$1004,">="&TODAY()))>0,"1級",IF((COUNTIFS('資格研修記録'!$A$5:$A$1004,A10,'資格研修記録'!$D$5:$D$1004,"小型船舶2級",'資格研修記録'!$F$5:$F$1004,"")+COUNTIFS('資格研修記録'!$A$5:$A$1004,A10,'資格研修記録'!$D$5:$D$1004,"小型船舶2級",'資格研修記録'!$F$5:$F$1004,">="&TODAY()))>0,"2級",IF(COUNTIFS('資格研修記録'!$A$5:$A$1004,A10,'資格研修記録'!$D$5:$D$1004,"小型船舶1級")+COUNTIFS('資格研修記録'!$A$5:$A$1004,A10,'資格研修記録'!$D$5:$D$1004,"小型船舶2級")>0,"× 1・2級 期限切れ",""))))&(IF((COUNTIFS('資格研修記録'!$A$5:$A$1004,A10,'資格研修記録'!$D$5:$D$1004,"小型船舶特殊",'資格研修記録'!$F$5:$F$1004,"")+COUNTIFS('資格研修記録'!$A$5:$A$1004,A10,'資格研修記録'!$D$5:$D$1004,"小型船舶特殊",'資格研修記録'!$F$5:$F$1004,">="&TODAY()))>0,"特殊",IF(COUNTIFS('資格研修記録'!$A$5:$A$1004,A10,'資格研修記録'!$D$5:$D$1004,"小型船舶特殊")>0,"× 特殊 期限切れ","")))="","—",_xlfn.TEXTJOIN("・",TRUE,IF((COUNTIFS('資格研修記録'!$A$5:$A$1004,A10,'資格研修記録'!$D$5:$D$1004,"小型船舶1級",'資格研修記録'!$F$5:$F$1004,"")+COUNTIFS('資格研修記録'!$A$5:$A$1004,A10,'資格研修記録'!$D$5:$D$1004,"小型船舶1級",'資格研修記録'!$F$5:$F$1004,">="&TODAY()))>0,"1級",IF((COUNTIFS('資格研修記録'!$A$5:$A$1004,A10,'資格研修記録'!$D$5:$D$1004,"小型船舶2級",'資格研修記録'!$F$5:$F$1004,"")+COUNTIFS('資格研修記録'!$A$5:$A$1004,A10,'資格研修記録'!$D$5:$D$1004,"小型船舶2級",'資格研修記録'!$F$5:$F$1004,">="&TODAY()))>0,"2級",IF(COUNTIFS('資格研修記録'!$A$5:$A$1004,A10,'資格研修記録'!$D$5:$D$1004,"小型船舶1級")+COUNTIFS('資格研修記録'!$A$5:$A$1004,A10,'資格研修記録'!$D$5:$D$1004,"小型船舶2級")>0,"× 1・2級 期限切れ",""))),IF((COUNTIFS('資格研修記録'!$A$5:$A$1004,A10,'資格研修記録'!$D$5:$D$1004,"小型船舶特殊",'資格研修記録'!$F$5:$F$1004,"")+COUNTIFS('資格研修記録'!$A$5:$A$1004,A10,'資格研修記録'!$D$5:$D$1004,"小型船舶特殊",'資格研修記録'!$F$5:$F$1004,">="&TODAY()))>0,"特殊",IF(COUNTIFS('資格研修記録'!$A$5:$A$1004,A10,'資格研修記録'!$D$5:$D$1004,"小型船舶特殊")>0,"× 特殊 期限切れ",""))))) | H10: =IF(A10="","",COUNTIFS('潜水記録'!$B$5:$B$3004,A10,'潜水記録'!$AF$5:$AF$3004,$D$2)) | I10: =IF(A10="","",COUNTIF('潜水記録'!$B$5:$B$3004,A10)) | J10: =IF(A10="","",SUMIF('潜水記録'!$B$5:$B$3004,A10,'潜水記録'!$H$5:$H$3004)) | K10: =IF(A10="","",IF(I10=0,"",_xlfn.MAXIFS('潜水記録'!$G$5:$G$3004,'潜水記録'!$B$5:$B$3004,A10))) | L10: =IF(A10="","",IF(I10=0,"",_xlfn.MAXIFS('潜水記録'!$A$5:$A$3004,'潜水記録'!$B$5:$B$3004,A10))) | M10: =IF(L10="","",$B$2-L10)
A11: =IF('隊員マスタ'!A8="","",'隊員マスタ'!A8) | B11: =IF(A11="","",'隊員マスタ'!B8) | C11: =IF(A11="","",'隊員マスタ'!C8) | D11: =IF(A11="","",'隊員マスタ'!D8) | E11: =IF(A11="","",IF(COUNTIFS('資格研修記録'!$A$5:$A$1004,A11,'資格研修記録'!$D$5:$D$1004,"潜水士免許")>0,"有","無")) | F11: =IF(A11="","",IF(COUNTIFS('資格研修記録'!$A$5:$A$1004,A11,'資格研修記録'!$D$5:$D$1004,"水難救助研修")>0,"修了","—")) | G11: =IF(A11="","",IF((IF((COUNTIFS('資格研修記録'!$A$5:$A$1004,A11,'資格研修記録'!$D$5:$D$1004,"小型船舶1級",'資格研修記録'!$F$5:$F$1004,"")+COUNTIFS('資格研修記録'!$A$5:$A$1004,A11,'資格研修記録'!$D$5:$D$1004,"小型船舶1級",'資格研修記録'!$F$5:$F$1004,">="&TODAY()))>0,"1級",IF((COUNTIFS('資格研修記録'!$A$5:$A$1004,A11,'資格研修記録'!$D$5:$D$1004,"小型船舶2級",'資格研修記録'!$F$5:$F$1004,"")+COUNTIFS('資格研修記録'!$A$5:$A$1004,A11,'資格研修記録'!$D$5:$D$1004,"小型船舶2級",'資格研修記録'!$F$5:$F$1004,">="&TODAY()))>0,"2級",IF(COUNTIFS('資格研修記録'!$A$5:$A$1004,A11,'資格研修記録'!$D$5:$D$1004,"小型船舶1級")+COUNTIFS('資格研修記録'!$A$5:$A$1004,A11,'資格研修記録'!$D$5:$D$1004,"小型船舶2級")>0,"× 1・2級 期限切れ",""))))&(IF((COUNTIFS('資格研修記録'!$A$5:$A$1004,A11,'資格研修記録'!$D$5:$D$1004,"小型船舶特殊",'資格研修記録'!$F$5:$F$1004,"")+COUNTIFS('資格研修記録'!$A$5:$A$1004,A11,'資格研修記録'!$D$5:$D$1004,"小型船舶特殊",'資格研修記録'!$F$5:$F$1004,">="&TODAY()))>0,"特殊",IF(COUNTIFS('資格研修記録'!$A$5:$A$1004,A11,'資格研修記録'!$D$5:$D$1004,"小型船舶特殊")>0,"× 特殊 期限切れ","")))="","—",_xlfn.TEXTJOIN("・",TRUE,IF((COUNTIFS('資格研修記録'!$A$5:$A$1004,A11,'資格研修記録'!$D$5:$D$1004,"小型船舶1級",'資格研修記録'!$F$5:$F$1004,"")+COUNTIFS('資格研修記録'!$A$5:$A$1004,A11,'資格研修記録'!$D$5:$D$1004,"小型船舶1級",'資格研修記録'!$F$5:$F$1004,">="&TODAY()))>0,"1級",IF((COUNTIFS('資格研修記録'!$A$5:$A$1004,A11,'資格研修記録'!$D$5:$D$1004,"小型船舶2級",'資格研修記録'!$F$5:$F$1004,"")+COUNTIFS('資格研修記録'!$A$5:$A$1004,A11,'資格研修記録'!$D$5:$D$1004,"小型船舶2級",'資格研修記録'!$F$5:$F$1004,">="&TODAY()))>0,"2級",IF(COUNTIFS('資格研修記録'!$A$5:$A$1004,A11,'資格研修記録'!$D$5:$D$1004,"小型船舶1級")+COUNTIFS('資格研修記録'!$A$5:$A$1004,A11,'資格研修記録'!$D$5:$D$1004,"小型船舶2級")>0,"× 1・2級 期限切れ",""))),IF((COUNTIFS('資格研修記録'!$A$5:$A$1004,A11,'資格研修記録'!$D$5:$D$1004,"小型船舶特殊",'資格研修記録'!$F$5:$F$1004,"")+COUNTIFS('資格研修記録'!$A$5:$A$1004,A11,'資格研修記録'!$D$5:$D$1004,"小型船舶特殊",'資格研修記録'!$F$5:$F$1004,">="&TODAY()))>0,"特殊",IF(COUNTIFS('資格研修記録'!$A$5:$A$1004,A11,'資格研修記録'!$D$5:$D$1004,"小型船舶特殊")>0,"× 特殊 期限切れ",""))))) | H11: =IF(A11="","",COUNTIFS('潜水記録'!$B$5:$B$3004,A11,'潜水記録'!$AF$5:$AF$3004,$D$2)) | I11: =IF(A11="","",COUNTIF('潜水記録'!$B$5:$B$3004,A11)) | J11: =IF(A11="","",SUMIF('潜水記録'!$B$5:$B$3004,A11,'潜水記録'!$H$5:$H$3004)) | K11: =IF(A11="","",IF(I11=0,"",_xlfn.MAXIFS('潜水記録'!$G$5:$G$3004,'潜水記録'!$B$5:$B$3004,A11))) | L11: =IF(A11="","",IF(I11=0,"",_xlfn.MAXIFS('潜水記録'!$A$5:$A$3004,'潜水記録'!$B$5:$B$3004,A11))) | M11: =IF(L11="","",$B$2-L11)
A12: =IF('隊員マスタ'!A9="","",'隊員マスタ'!A9) | B12: =IF(A12="","",'隊員マスタ'!B9) | C12: =IF(A12="","",'隊員マスタ'!C9) | D12: =IF(A12="","",'隊員マスタ'!D9) | E12: =IF(A12="","",IF(COUNTIFS('資格研修記録'!$A$5:$A$1004,A12,'資格研修記録'!$D$5:$D$1004,"潜水士免許")>0,"有","無")) | F12: =IF(A12="","",IF(COUNTIFS('資格研修記録'!$A$5:$A$1004,A12,'資格研修記録'!$D$5:$D$1004,"水難救助研修")>0,"修了","—")) | G12: =IF(A12="","",IF((IF((COUNTIFS('資格研修記録'!$A$5:$A$1004,A12,'資格研修記録'!$D$5:$D$1004,"小型船舶1級",'資格研修記録'!$F$5:$F$1004,"")+COUNTIFS('資格研修記録'!$A$5:$A$1004,A12,'資格研修記録'!$D$5:$D$1004,"小型船舶1級",'資格研修記録'!$F$5:$F$1004,">="&TODAY()))>0,"1級",IF((COUNTIFS('資格研修記録'!$A$5:$A$1004,A12,'資格研修記録'!$D$5:$D$1004,"小型船舶2級",'資格研修記録'!$F$5:$F$1004,"")+COUNTIFS('資格研修記録'!$A$5:$A$1004,A12,'資格研修記録'!$D$5:$D$1004,"小型船舶2級",'資格研修記録'!$F$5:$F$1004,">="&TODAY()))>0,"2級",IF(COUNTIFS('資格研修記録'!$A$5:$A$1004,A12,'資格研修記録'!$D$5:$D$1004,"小型船舶1級")+COUNTIFS('資格研修記録'!$A$5:$A$1004,A12,'資格研修記録'!$D$5:$D$1004,"小型船舶2級")>0,"× 1・2級 期限切れ",""))))&(IF((COUNTIFS('資格研修記録'!$A$5:$A$1004,A12,'資格研修記録'!$D$5:$D$1004,"小型船舶特殊",'資格研修記録'!$F$5:$F$1004,"")+COUNTIFS('資格研修記録'!$A$5:$A$1004,A12,'資格研修記録'!$D$5:$D$1004,"小型船舶特殊",'資格研修記録'!$F$5:$F$1004,">="&TODAY()))>0,"特殊",IF(COUNTIFS('資格研修記録'!$A$5:$A$1004,A12,'資格研修記録'!$D$5:$D$1004,"小型船舶特殊")>0,"× 特殊 期限切れ","")))="","—",_xlfn.TEXTJOIN("・",TRUE,IF((COUNTIFS('資格研修記録'!$A$5:$A$1004,A12,'資格研修記録'!$D$5:$D$1004,"小型船舶1級",'資格研修記録'!$F$5:$F$1004,"")+COUNTIFS('資格研修記録'!$A$5:$A$1004,A12,'資格研修記録'!$D$5:$D$1004,"小型船舶1級",'資格研修記録'!$F$5:$F$1004,">="&TODAY()))>0,"1級",IF((COUNTIFS('資格研修記録'!$A$5:$A$1004,A12,'資格研修記録'!$D$5:$D$1004,"小型船舶2級",'資格研修記録'!$F$5:$F$1004,"")+COUNTIFS('資格研修記録'!$A$5:$A$1004,A12,'資格研修記録'!$D$5:$D$1004,"小型船舶2級",'資格研修記録'!$F$5:$F$1004,">="&TODAY()))>0,"2級",IF(COUNTIFS('資格研修記録'!$A$5:$A$1004,A12,'資格研修記録'!$D$5:$D$1004,"小型船舶1級")+COUNTIFS('資格研修記録'!$A$5:$A$1004,A12,'資格研修記録'!$D$5:$D$1004,"小型船舶2級")>0,"× 1・2級 期限切れ",""))),IF((COUNTIFS('資格研修記録'!$A$5:$A$1004,A12,'資格研修記録'!$D$5:$D$1004,"小型船舶特殊",'資格研修記録'!$F$5:$F$1004,"")+COUNTIFS('資格研修記録'!$A$5:$A$1004,A12,'資格研修記録'!$D$5:$D$1004,"小型船舶特殊",'資格研修記録'!$F$5:$F$1004,">="&TODAY()))>0,"特殊",IF(COUNTIFS('資格研修記録'!$A$5:$A$1004,A12,'資格研修記録'!$D$5:$D$1004,"小型船舶特殊")>0,"× 特殊 期限切れ",""))))) | H12: =IF(A12="","",COUNTIFS('潜水記録'!$B$5:$B$3004,A12,'潜水記録'!$AF$5:$AF$3004,$D$2)) | I12: =IF(A12="","",COUNTIF('潜水記録'!$B$5:$B$3004,A12)) | J12: =IF(A12="","",SUMIF('潜水記録'!$B$5:$B$3004,A12,'潜水記録'!$H$5:$H$3004)) | K12: =IF(A12="","",IF(I12=0,"",_xlfn.MAXIFS('潜水記録'!$G$5:$G$3004,'潜水記録'!$B$5:$B$3004,A12))) | L12: =IF(A12="","",IF(I12=0,"",_xlfn.MAXIFS('潜水記録'!$A$5:$A$3004,'潜水記録'!$B$5:$B$3004,A12))) | M12: =IF(L12="","",$B$2-L12)
A13: =IF('隊員マスタ'!A10="","",'隊員マスタ'!A10) | B13: =IF(A13="","",'隊員マスタ'!B10) | C13: =IF(A13="","",'隊員マスタ'!C10) | D13: =IF(A13="","",'隊員マスタ'!D10) | E13: =IF(A13="","",IF(COUNTIFS('資格研修記録'!$A$5:$A$1004,A13,'資格研修記録'!$D$5:$D$1004,"潜水士免許")>0,"有","無")) | F13: =IF(A13="","",IF(COUNTIFS('資格研修記録'!$A$5:$A$1004,A13,'資格研修記録'!$D$5:$D$1004,"水難救助研修")>0,"修了","—")) | G13: =IF(A13="","",IF((IF((COUNTIFS('資格研修記録'!$A$5:$A$1004,A13,'資格研修記録'!$D$5:$D$1004,"小型船舶1級",'資格研修記録'!$F$5:$F$1004,"")+COUNTIFS('資格研修記録'!$A$5:$A$1004,A13,'資格研修記録'!$D$5:$D$1004,"小型船舶1級",'資格研修記録'!$F$5:$F$1004,">="&TODAY()))>0,"1級",IF((COUNTIFS('資格研修記録'!$A$5:$A$1004,A13,'資格研修記録'!$D$5:$D$1004,"小型船舶2級",'資格研修記録'!$F$5:$F$1004,"")+COUNTIFS('資格研修記録'!$A$5:$A$1004,A13,'資格研修記録'!$D$5:$D$1004,"小型船舶2級",'資格研修記録'!$F$5:$F$1004,">="&TODAY()))>0,"2級",IF(COUNTIFS('資格研修記録'!$A$5:$A$1004,A13,'資格研修記録'!$D$5:$D$1004,"小型船舶1級")+COUNTIFS('資格研修記録'!$A$5:$A$1004,A13,'資格研修記録'!$D$5:$D$1004,"小型船舶2級")>0,"× 1・2級 期限切れ",""))))&(IF((COUNTIFS('資格研修記録'!$A$5:$A$1004,A13,'資格研修記録'!$D$5:$D$1004,"小型船舶特殊",'資格研修記録'!$F$5:$F$1004,"")+COUNTIFS('資格研修記録'!$A$5:$A$1004,A13,'資格研修記録'!$D$5:$D$1004,"小型船舶特殊",'資格研修記録'!$F$5:$F$1004,">="&TODAY()))>0,"特殊",IF(COUNTIFS('資格研修記録'!$A$5:$A$1004,A13,'資格研修記録'!$D$5:$D$1004,"小型船舶特殊")>0,"× 特殊 期限切れ","")))="","—",_xlfn.TEXTJOIN("・",TRUE,IF((COUNTIFS('資格研修記録'!$A$5:$A$1004,A13,'資格研修記録'!$D$5:$D$1004,"小型船舶1級",'資格研修記録'!$F$5:$F$1004,"")+COUNTIFS('資格研修記録'!$A$5:$A$1004,A13,'資格研修記録'!$D$5:$D$1004,"小型船舶1級",'資格研修記録'!$F$5:$F$1004,">="&TODAY()))>0,"1級",IF((COUNTIFS('資格研修記録'!$A$5:$A$1004,A13,'資格研修記録'!$D$5:$D$1004,"小型船舶2級",'資格研修記録'!$F$5:$F$1004,"")+COUNTIFS('資格研修記録'!$A$5:$A$1004,A13,'資格研修記録'!$D$5:$D$1004,"小型船舶2級",'資格研修記録'!$F$5:$F$1004,">="&TODAY()))>0,"2級",IF(COUNTIFS('資格研修記録'!$A$5:$A$1004,A13,'資格研修記録'!$D$5:$D$1004,"小型船舶1級")+COUNTIFS('資格研修記録'!$A$5:$A$1004,A13,'資格研修記録'!$D$5:$D$1004,"小型船舶2級")>0,"× 1・2級 期限切れ",""))),IF((COUNTIFS('資格研修記録'!$A$5:$A$1004,A13,'資格研修記録'!$D$5:$D$1004,"小型船舶特殊",'資格研修記録'!$F$5:$F$1004,"")+COUNTIFS('資格研修記録'!$A$5:$A$1004,A13,'資格研修記録'!$D$5:$D$1004,"小型船舶特殊",'資格研修記録'!$F$5:$F$1004,">="&TODAY()))>0,"特殊",IF(COUNTIFS('資格研修記録'!$A$5:$A$1004,A13,'資格研修記録'!$D$5:$D$1004,"小型船舶特殊")>0,"× 特殊 期限切れ",""))))) | H13: =IF(A13="","",COUNTIFS('潜水記録'!$B$5:$B$3004,A13,'潜水記録'!$AF$5:$AF$3004,$D$2)) | I13: =IF(A13="","",COUNTIF('潜水記録'!$B$5:$B$3004,A13)) | J13: =IF(A13="","",SUMIF('潜水記録'!$B$5:$B$3004,A13,'潜水記録'!$H$5:$H$3004)) | K13: =IF(A13="","",IF(I13=0,"",_xlfn.MAXIFS('潜水記録'!$G$5:$G$3004,'潜水記録'!$B$5:$B$3004,A13))) | L13: =IF(A13="","",IF(I13=0,"",_xlfn.MAXIFS('潜水記録'!$A$5:$A$3004,'潜水記録'!$B$5:$B$3004,A13))) | M13: =IF(L13="","",$B$2-L13)
A14: =IF('隊員マスタ'!A11="","",'隊員マスタ'!A11) | B14: =IF(A14="","",'隊員マスタ'!B11) | C14: =IF(A14="","",'隊員マスタ'!C11) | D14: =IF(A14="","",'隊員マスタ'!D11) | E14: =IF(A14="","",IF(COUNTIFS('資格研修記録'!$A$5:$A$1004,A14,'資格研修記録'!$D$5:$D$1004,"潜水士免許")>0,"有","無")) | F14: =IF(A14="","",IF(COUNTIFS('資格研修記録'!$A$5:$A$1004,A14,'資格研修記録'!$D$5:$D$1004,"水難救助研修")>0,"修了","—")) | G14: =IF(A14="","",IF((IF((COUNTIFS('資格研修記録'!$A$5:$A$1004,A14,'資格研修記録'!$D$5:$D$1004,"小型船舶1級",'資格研修記録'!$F$5:$F$1004,"")+COUNTIFS('資格研修記録'!$A$5:$A$1004,A14,'資格研修記録'!$D$5:$D$1004,"小型船舶1級",'資格研修記録'!$F$5:$F$1004,">="&TODAY()))>0,"1級",IF((COUNTIFS('資格研修記録'!$A$5:$A$1004,A14,'資格研修記録'!$D$5:$D$1004,"小型船舶2級",'資格研修記録'!$F$5:$F$1004,"")+COUNTIFS('資格研修記録'!$A$5:$A$1004,A14,'資格研修記録'!$D$5:$D$1004,"小型船舶2級",'資格研修記録'!$F$5:$F$1004,">="&TODAY()))>0,"2級",IF(COUNTIFS('資格研修記録'!$A$5:$A$1004,A14,'資格研修記録'!$D$5:$D$1004,"小型船舶1級")+COUNTIFS('資格研修記録'!$A$5:$A$1004,A14,'資格研修記録'!$D$5:$D$1004,"小型船舶2級")>0,"× 1・2級 期限切れ",""))))&(IF((COUNTIFS('資格研修記録'!$A$5:$A$1004,A14,'資格研修記録'!$D$5:$D$1004,"小型船舶特殊",'資格研修記録'!$F$5:$F$1004,"")+COUNTIFS('資格研修記録'!$A$5:$A$1004,A14,'資格研修記録'!$D$5:$D$1004,"小型船舶特殊",'資格研修記録'!$F$5:$F$1004,">="&TODAY()))>0,"特殊",IF(COUNTIFS('資格研修記録'!$A$5:$A$1004,A14,'資格研修記録'!$D$5:$D$1004,"小型船舶特殊")>0,"× 特殊 期限切れ","")))="","—",_xlfn.TEXTJOIN("・",TRUE,IF((COUNTIFS('資格研修記録'!$A$5:$A$1004,A14,'資格研修記録'!$D$5:$D$1004,"小型船舶1級",'資格研修記録'!$F$5:$F$1004,"")+COUNTIFS('資格研修記録'!$A$5:$A$1004,A14,'資格研修記録'!$D$5:$D$1004,"小型船舶1級",'資格研修記録'!$F$5:$F$1004,">="&TODAY()))>0,"1級",IF((COUNTIFS('資格研修記録'!$A$5:$A$1004,A14,'資格研修記録'!$D$5:$D$1004,"小型船舶2級",'資格研修記録'!$F$5:$F$1004,"")+COUNTIFS('資格研修記録'!$A$5:$A$1004,A14,'資格研修記録'!$D$5:$D$1004,"小型船舶2級",'資格研修記録'!$F$5:$F$1004,">="&TODAY()))>0,"2級",IF(COUNTIFS('資格研修記録'!$A$5:$A$1004,A14,'資格研修記録'!$D$5:$D$1004,"小型船舶1級")+COUNTIFS('資格研修記録'!$A$5:$A$1004,A14,'資格研修記録'!$D$5:$D$1004,"小型船舶2級")>0,"× 1・2級 期限切れ",""))),IF((COUNTIFS('資格研修記録'!$A$5:$A$1004,A14,'資格研修記録'!$D$5:$D$1004,"小型船舶特殊",'資格研修記録'!$F$5:$F$1004,"")+COUNTIFS('資格研修記録'!$A$5:$A$1004,A14,'資格研修記録'!$D$5:$D$1004,"小型船舶特殊",'資格研修記録'!$F$5:$F$1004,">="&TODAY()))>0,"特殊",IF(COUNTIFS('資格研修記録'!$A$5:$A$1004,A14,'資格研修記録'!$D$5:$D$1004,"小型船舶特殊")>0,"× 特殊 期限切れ",""))))) | H14: =IF(A14="","",COUNTIFS('潜水記録'!$B$5:$B$3004,A14,'潜水記録'!$AF$5:$AF$3004,$D$2)) | I14: =IF(A14="","",COUNTIF('潜水記録'!$B$5:$B$3004,A14)) | J14: =IF(A14="","",SUMIF('潜水記録'!$B$5:$B$3004,A14,'潜水記録'!$H$5:$H$3004)) | K14: =IF(A14="","",IF(I14=0,"",_xlfn.MAXIFS('潜水記録'!$G$5:$G$3004,'潜水記録'!$B$5:$B$3004,A14))) | L14: =IF(A14="","",IF(I14=0,"",_xlfn.MAXIFS('潜水記録'!$A$5:$A$3004,'潜水記録'!$B$5:$B$3004,A14))) | M14: =IF(L14="","",$B$2-L14)
A15: =IF('隊員マスタ'!A12="","",'隊員マスタ'!A12) | B15: =IF(A15="","",'隊員マスタ'!B12) | C15: =IF(A15="","",'隊員マスタ'!C12) | D15: =IF(A15="","",'隊員マスタ'!D12) | E15: =IF(A15="","",IF(COUNTIFS('資格研修記録'!$A$5:$A$1004,A15,'資格研修記録'!$D$5:$D$1004,"潜水士免許")>0,"有","無")) | F15: =IF(A15="","",IF(COUNTIFS('資格研修記録'!$A$5:$A$1004,A15,'資格研修記録'!$D$5:$D$1004,"水難救助研修")>0,"修了","—")) | G15: =IF(A15="","",IF((IF((COUNTIFS('資格研修記録'!$A$5:$A$1004,A15,'資格研修記録'!$D$5:$D$1004,"小型船舶1級",'資格研修記録'!$F$5:$F$1004,"")+COUNTIFS('資格研修記録'!$A$5:$A$1004,A15,'資格研修記録'!$D$5:$D$1004,"小型船舶1級",'資格研修記録'!$F$5:$F$1004,">="&TODAY()))>0,"1級",IF((COUNTIFS('資格研修記録'!$A$5:$A$1004,A15,'資格研修記録'!$D$5:$D$1004,"小型船舶2級",'資格研修記録'!$F$5:$F$1004,"")+COUNTIFS('資格研修記録'!$A$5:$A$1004,A15,'資格研修記録'!$D$5:$D$1004,"小型船舶2級",'資格研修記録'!$F$5:$F$1004,">="&TODAY()))>0,"2級",IF(COUNTIFS('資格研修記録'!$A$5:$A$1004,A15,'資格研修記録'!$D$5:$D$1004,"小型船舶1級")+COUNTIFS('資格研修記録'!$A$5:$A$1004,A15,'資格研修記録'!$D$5:$D$1004,"小型船舶2級")>0,"× 1・2級 期限切れ",""))))&(IF((COUNTIFS('資格研修記録'!$A$5:$A$1004,A15,'資格研修記録'!$D$5:$D$1004,"小型船舶特殊",'資格研修記録'!$F$5:$F$1004,"")+COUNTIFS('資格研修記録'!$A$5:$A$1004,A15,'資格研修記録'!$D$5:$D$1004,"小型船舶特殊",'資格研修記録'!$F$5:$F$1004,">="&TODAY()))>0,"特殊",IF(COUNTIFS('資格研修記録'!$A$5:$A$1004,A15,'資格研修記録'!$D$5:$D$1004,"小型船舶特殊")>0,"× 特殊 期限切れ","")))="","—",_xlfn.TEXTJOIN("・",TRUE,IF((COUNTIFS('資格研修記録'!$A$5:$A$1004,A15,'資格研修記録'!$D$5:$D$1004,"小型船舶1級",'資格研修記録'!$F$5:$F$1004,"")+COUNTIFS('資格研修記録'!$A$5:$A$1004,A15,'資格研修記録'!$D$5:$D$1004,"小型船舶1級",'資格研修記録'!$F$5:$F$1004,">="&TODAY()))>0,"1級",IF((COUNTIFS('資格研修記録'!$A$5:$A$1004,A15,'資格研修記録'!$D$5:$D$1004,"小型船舶2級",'資格研修記録'!$F$5:$F$1004,"")+COUNTIFS('資格研修記録'!$A$5:$A$1004,A15,'資格研修記録'!$D$5:$D$1004,"小型船舶2級",'資格研修記録'!$F$5:$F$1004,">="&TODAY()))>0,"2級",IF(COUNTIFS('資格研修記録'!$A$5:$A$1004,A15,'資格研修記録'!$D$5:$D$1004,"小型船舶1級")+COUNTIFS('資格研修記録'!$A$5:$A$1004,A15,'資格研修記録'!$D$5:$D$1004,"小型船舶2級")>0,"× 1・2級 期限切れ",""))),IF((COUNTIFS('資格研修記録'!$A$5:$A$1004,A15,'資格研修記録'!$D$5:$D$1004,"小型船舶特殊",'資格研修記録'!$F$5:$F$1004,"")+COUNTIFS('資格研修記録'!$A$5:$A$1004,A15,'資格研修記録'!$D$5:$D$1004,"小型船舶特殊",'資格研修記録'!$F$5:$F$1004,">="&TODAY()))>0,"特殊",IF(COUNTIFS('資格研修記録'!$A$5:$A$1004,A15,'資格研修記録'!$D$5:$D$1004,"小型船舶特殊")>0,"× 特殊 期限切れ",""))))) | H15: =IF(A15="","",COUNTIFS('潜水記録'!$B$5:$B$3004,A15,'潜水記録'!$AF$5:$AF$3004,$D$2)) | I15: =IF(A15="","",COUNTIF('潜水記録'!$B$5:$B$3004,A15)) | J15: =IF(A15="","",SUMIF('潜水記録'!$B$5:$B$3004,A15,'潜水記録'!$H$5:$H$3004)) | K15: =IF(A15="","",IF(I15=0,"",_xlfn.MAXIFS('潜水記録'!$G$5:$G$3004,'潜水記録'!$B$5:$B$3004,A15))) | L15: =IF(A15="","",IF(I15=0,"",_xlfn.MAXIFS('潜水記録'!$A$5:$A$3004,'潜水記録'!$B$5:$B$3004,A15))) | M15: =IF(L15="","",$B$2-L15)
A16: =IF('隊員マスタ'!A13="","",'隊員マスタ'!A13) | B16: =IF(A16="","",'隊員マスタ'!B13) | C16: =IF(A16="","",'隊員マスタ'!C13) | D16: =IF(A16="","",'隊員マスタ'!D13) | E16: =IF(A16="","",IF(COUNTIFS('資格研修記録'!$A$5:$A$1004,A16,'資格研修記録'!$D$5:$D$1004,"潜水士免許")>0,"有","無")) | F16: =IF(A16="","",IF(COUNTIFS('資格研修記録'!$A$5:$A$1004,A16,'資格研修記録'!$D$5:$D$1004,"水難救助研修")>0,"修了","—")) | G16: =IF(A16="","",IF((IF((COUNTIFS('資格研修記録'!$A$5:$A$1004,A16,'資格研修記録'!$D$5:$D$1004,"小型船舶1級",'資格研修記録'!$F$5:$F$1004,"")+COUNTIFS('資格研修記録'!$A$5:$A$1004,A16,'資格研修記録'!$D$5:$D$1004,"小型船舶1級",'資格研修記録'!$F$5:$F$1004,">="&TODAY()))>0,"1級",IF((COUNTIFS('資格研修記録'!$A$5:$A$1004,A16,'資格研修記録'!$D$5:$D$1004,"小型船舶2級",'資格研修記録'!$F$5:$F$1004,"")+COUNTIFS('資格研修記録'!$A$5:$A$1004,A16,'資格研修記録'!$D$5:$D$1004,"小型船舶2級",'資格研修記録'!$F$5:$F$1004,">="&TODAY()))>0,"2級",IF(COUNTIFS('資格研修記録'!$A$5:$A$1004,A16,'資格研修記録'!$D$5:$D$1004,"小型船舶1級")+COUNTIFS('資格研修記録'!$A$5:$A$1004,A16,'資格研修記録'!$D$5:$D$1004,"小型船舶2級")>0,"× 1・2級 期限切れ",""))))&(IF((COUNTIFS('資格研修記録'!$A$5:$A$1004,A16,'資格研修記録'!$D$5:$D$1004,"小型船舶特殊",'資格研修記録'!$F$5:$F$1004,"")+COUNTIFS('資格研修記録'!$A$5:$A$1004,A16,'資格研修記録'!$D$5:$D$1004,"小型船舶特殊",'資格研修記録'!$F$5:$F$1004,">="&TODAY()))>0,"特殊",IF(COUNTIFS('資格研修記録'!$A$5:$A$1004,A16,'資格研修記録'!$D$5:$D$1004,"小型船舶特殊")>0,"× 特殊 期限切れ","")))="","—",_xlfn.TEXTJOIN("・",TRUE,IF((COUNTIFS('資格研修記録'!$A$5:$A$1004,A16,'資格研修記録'!$D$5:$D$1004,"小型船舶1級",'資格研修記録'!$F$5:$F$1004,"")+COUNTIFS('資格研修記録'!$A$5:$A$1004,A16,'資格研修記録'!$D$5:$D$1004,"小型船舶1級",'資格研修記録'!$F$5:$F$1004,">="&TODAY()))>0,"1級",IF((COUNTIFS('資格研修記録'!$A$5:$A$1004,A16,'資格研修記録'!$D$5:$D$1004,"小型船舶2級",'資格研修記録'!$F$5:$F$1004,"")+COUNTIFS('資格研修記録'!$A$5:$A$1004,A16,'資格研修記録'!$D$5:$D$1004,"小型船舶2級",'資格研修記録'!$F$5:$F$1004,">="&TODAY()))>0,"2級",IF(COUNTIFS('資格研修記録'!$A$5:$A$1004,A16,'資格研修記録'!$D$5:$D$1004,"小型船舶1級")+COUNTIFS('資格研修記録'!$A$5:$A$1004,A16,'資格研修記録'!$D$5:$D$1004,"小型船舶2級")>0,"× 1・2級 期限切れ",""))),IF((COUNTIFS('資格研修記録'!$A$5:$A$1004,A16,'資格研修記録'!$D$5:$D$1004,"小型船舶特殊",'資格研修記録'!$F$5:$F$1004,"")+COUNTIFS('資格研修記録'!$A$5:$A$1004,A16,'資格研修記録'!$D$5:$D$1004,"小型船舶特殊",'資格研修記録'!$F$5:$F$1004,">="&TODAY()))>0,"特殊",IF(COUNTIFS('資格研修記録'!$A$5:$A$1004,A16,'資格研修記録'!$D$5:$D$1004,"小型船舶特殊")>0,"× 特殊 期限切れ",""))))) | H16: =IF(A16="","",COUNTIFS('潜水記録'!$B$5:$B$3004,A16,'潜水記録'!$AF$5:$AF$3004,$D$2)) | I16: =IF(A16="","",COUNTIF('潜水記録'!$B$5:$B$3004,A16)) | J16: =IF(A16="","",SUMIF('潜水記録'!$B$5:$B$3004,A16,'潜水記録'!$H$5:$H$3004)) | K16: =IF(A16="","",IF(I16=0,"",_xlfn.MAXIFS('潜水記録'!$G$5:$G$3004,'潜水記録'!$B$5:$B$3004,A16))) | L16: =IF(A16="","",IF(I16=0,"",_xlfn.MAXIFS('潜水記録'!$A$5:$A$3004,'潜水記録'!$B$5:$B$3004,A16))) | M16: =IF(L16="","",$B$2-L16)
A17: =IF('隊員マスタ'!A14="","",'隊員マスタ'!A14) | B17: =IF(A17="","",'隊員マスタ'!B14) | C17: =IF(A17="","",'隊員マスタ'!C14) | D17: =IF(A17="","",'隊員マスタ'!D14) | E17: =IF(A17="","",IF(COUNTIFS('資格研修記録'!$A$5:$A$1004,A17,'資格研修記録'!$D$5:$D$1004,"潜水士免許")>0,"有","無")) | F17: =IF(A17="","",IF(COUNTIFS('資格研修記録'!$A$5:$A$1004,A17,'資格研修記録'!$D$5:$D$1004,"水難救助研修")>0,"修了","—")) | G17: =IF(A17="","",IF((IF((COUNTIFS('資格研修記録'!$A$5:$A$1004,A17,'資格研修記録'!$D$5:$D$1004,"小型船舶1級",'資格研修記録'!$F$5:$F$1004,"")+COUNTIFS('資格研修記録'!$A$5:$A$1004,A17,'資格研修記録'!$D$5:$D$1004,"小型船舶1級",'資格研修記録'!$F$5:$F$1004,">="&TODAY()))>0,"1級",IF((COUNTIFS('資格研修記録'!$A$5:$A$1004,A17,'資格研修記録'!$D$5:$D$1004,"小型船舶2級",'資格研修記録'!$F$5:$F$1004,"")+COUNTIFS('資格研修記録'!$A$5:$A$1004,A17,'資格研修記録'!$D$5:$D$1004,"小型船舶2級",'資格研修記録'!$F$5:$F$1004,">="&TODAY()))>0,"2級",IF(COUNTIFS('資格研修記録'!$A$5:$A$1004,A17,'資格研修記録'!$D$5:$D$1004,"小型船舶1級")+COUNTIFS('資格研修記録'!$A$5:$A$1004,A17,'資格研修記録'!$D$5:$D$1004,"小型船舶2級")>0,"× 1・2級 期限切れ",""))))&(IF((COUNTIFS('資格研修記録'!$A$5:$A$1004,A17,'資格研修記録'!$D$5:$D$1004,"小型船舶特殊",'資格研修記録'!$F$5:$F$1004,"")+COUNTIFS('資格研修記録'!$A$5:$A$1004,A17,'資格研修記録'!$D$5:$D$1004,"小型船舶特殊",'資格研修記録'!$F$5:$F$1004,">="&TODAY()))>0,"特殊",IF(COUNTIFS('資格研修記録'!$A$5:$A$1004,A17,'資格研修記録'!$D$5:$D$1004,"小型船舶特殊")>0,"× 特殊 期限切れ","")))="","—",_xlfn.TEXTJOIN("・",TRUE,IF((COUNTIFS('資格研修記録'!$A$5:$A$1004,A17,'資格研修記録'!$D$5:$D$1004,"小型船舶1級",'資格研修記録'!$F$5:$F$1004,"")+COUNTIFS('資格研修記録'!$A$5:$A$1004,A17,'資格研修記録'!$D$5:$D$1004,"小型船舶1級",'資格研修記録'!$F$5:$F$1004,">="&TODAY()))>0,"1級",IF((COUNTIFS('資格研修記録'!$A$5:$A$1004,A17,'資格研修記録'!$D$5:$D$1004,"小型船舶2級",'資格研修記録'!$F$5:$F$1004,"")+COUNTIFS('資格研修記録'!$A$5:$A$1004,A17,'資格研修記録'!$D$5:$D$1004,"小型船舶2級",'資格研修記録'!$F$5:$F$1004,">="&TODAY()))>0,"2級",IF(COUNTIFS('資格研修記録'!$A$5:$A$1004,A17,'資格研修記録'!$D$5:$D$1004,"小型船舶1級")+COUNTIFS('資格研修記録'!$A$5:$A$1004,A17,'資格研修記録'!$D$5:$D$1004,"小型船舶2級")>0,"× 1・2級 期限切れ",""))),IF((COUNTIFS('資格研修記録'!$A$5:$A$1004,A17,'資格研修記録'!$D$5:$D$1004,"小型船舶特殊",'資格研修記録'!$F$5:$F$1004,"")+COUNTIFS('資格研修記録'!$A$5:$A$1004,A17,'資格研修記録'!$D$5:$D$1004,"小型船舶特殊",'資格研修記録'!$F$5:$F$1004,">="&TODAY()))>0,"特殊",IF(COUNTIFS('資格研修記録'!$A$5:$A$1004,A17,'資格研修記録'!$D$5:$D$1004,"小型船舶特殊")>0,"× 特殊 期限切れ",""))))) | H17: =IF(A17="","",COUNTIFS('潜水記録'!$B$5:$B$3004,A17,'潜水記録'!$AF$5:$AF$3004,$D$2)) | I17: =IF(A17="","",COUNTIF('潜水記録'!$B$5:$B$3004,A17)) | J17: =IF(A17="","",SUMIF('潜水記録'!$B$5:$B$3004,A17,'潜水記録'!$H$5:$H$3004)) | K17: =IF(A17="","",IF(I17=0,"",_xlfn.MAXIFS('潜水記録'!$G$5:$G$3004,'潜水記録'!$B$5:$B$3004,A17))) | L17: =IF(A17="","",IF(I17=0,"",_xlfn.MAXIFS('潜水記録'!$A$5:$A$3004,'潜水記録'!$B$5:$B$3004,A17))) | M17: =IF(L17="","",$B$2-L17)
A18: =IF('隊員マスタ'!A15="","",'隊員マスタ'!A15) | B18: =IF(A18="","",'隊員マスタ'!B15) | C18: =IF(A18="","",'隊員マスタ'!C15) | D18: =IF(A18="","",'隊員マスタ'!D15) | E18: =IF(A18="","",IF(COUNTIFS('資格研修記録'!$A$5:$A$1004,A18,'資格研修記録'!$D$5:$D$1004,"潜水士免許")>0,"有","無")) | F18: =IF(A18="","",IF(COUNTIFS('資格研修記録'!$A$5:$A$1004,A18,'資格研修記録'!$D$5:$D$1004,"水難救助研修")>0,"修了","—")) | G18: =IF(A18="","",IF((IF((COUNTIFS('資格研修記録'!$A$5:$A$1004,A18,'資格研修記録'!$D$5:$D$1004,"小型船舶1級",'資格研修記録'!$F$5:$F$1004,"")+COUNTIFS('資格研修記録'!$A$5:$A$1004,A18,'資格研修記録'!$D$5:$D$1004,"小型船舶1級",'資格研修記録'!$F$5:$F$1004,">="&TODAY()))>0,"1級",IF((COUNTIFS('資格研修記録'!$A$5:$A$1004,A18,'資格研修記録'!$D$5:$D$1004,"小型船舶2級",'資格研修記録'!$F$5:$F$1004,"")+COUNTIFS('資格研修記録'!$A$5:$A$1004,A18,'資格研修記録'!$D$5:$D$1004,"小型船舶2級",'資格研修記録'!$F$5:$F$1004,">="&TODAY()))>0,"2級",IF(COUNTIFS('資格研修記録'!$A$5:$A$1004,A18,'資格研修記録'!$D$5:$D$1004,"小型船舶1級")+COUNTIFS('資格研修記録'!$A$5:$A$1004,A18,'資格研修記録'!$D$5:$D$1004,"小型船舶2級")>0,"× 1・2級 期限切れ",""))))&(IF((COUNTIFS('資格研修記録'!$A$5:$A$1004,A18,'資格研修記録'!$D$5:$D$1004,"小型船舶特殊",'資格研修記録'!$F$5:$F$1004,"")+COUNTIFS('資格研修記録'!$A$5:$A$1004,A18,'資格研修記録'!$D$5:$D$1004,"小型船舶特殊",'資格研修記録'!$F$5:$F$1004,">="&TODAY()))>0,"特殊",IF(COUNTIFS('資格研修記録'!$A$5:$A$1004,A18,'資格研修記録'!$D$5:$D$1004,"小型船舶特殊")>0,"× 特殊 期限切れ","")))="","—",_xlfn.TEXTJOIN("・",TRUE,IF((COUNTIFS('資格研修記録'!$A$5:$A$1004,A18,'資格研修記録'!$D$5:$D$1004,"小型船舶1級",'資格研修記録'!$F$5:$F$1004,"")+COUNTIFS('資格研修記録'!$A$5:$A$1004,A18,'資格研修記録'!$D$5:$D$1004,"小型船舶1級",'資格研修記録'!$F$5:$F$1004,">="&TODAY()))>0,"1級",IF((COUNTIFS('資格研修記録'!$A$5:$A$1004,A18,'資格研修記録'!$D$5:$D$1004,"小型船舶2級",'資格研修記録'!$F$5:$F$1004,"")+COUNTIFS('資格研修記録'!$A$5:$A$1004,A18,'資格研修記録'!$D$5:$D$1004,"小型船舶2級",'資格研修記録'!$F$5:$F$1004,">="&TODAY()))>0,"2級",IF(COUNTIFS('資格研修記録'!$A$5:$A$1004,A18,'資格研修記録'!$D$5:$D$1004,"小型船舶1級")+COUNTIFS('資格研修記録'!$A$5:$A$1004,A18,'資格研修記録'!$D$5:$D$1004,"小型船舶2級")>0,"× 1・2級 期限切れ",""))),IF((COUNTIFS('資格研修記録'!$A$5:$A$1004,A18,'資格研修記録'!$D$5:$D$1004,"小型船舶特殊",'資格研修記録'!$F$5:$F$1004,"")+COUNTIFS('資格研修記録'!$A$5:$A$1004,A18,'資格研修記録'!$D$5:$D$1004,"小型船舶特殊",'資格研修記録'!$F$5:$F$1004,">="&TODAY()))>0,"特殊",IF(COUNTIFS('資格研修記録'!$A$5:$A$1004,A18,'資格研修記録'!$D$5:$D$1004,"小型船舶特殊")>0,"× 特殊 期限切れ",""))))) | H18: =IF(A18="","",COUNTIFS('潜水記録'!$B$5:$B$3004,A18,'潜水記録'!$AF$5:$AF$3004,$D$2)) | I18: =IF(A18="","",COUNTIF('潜水記録'!$B$5:$B$3004,A18)) | J18: =IF(A18="","",SUMIF('潜水記録'!$B$5:$B$3004,A18,'潜水記録'!$H$5:$H$3004)) | K18: =IF(A18="","",IF(I18=0,"",_xlfn.MAXIFS('潜水記録'!$G$5:$G$3004,'潜水記録'!$B$5:$B$3004,A18))) | L18: =IF(A18="","",IF(I18=0,"",_xlfn.MAXIFS('潜水記録'!$A$5:$A$3004,'潜水記録'!$B$5:$B$3004,A18))) | M18: =IF(L18="","",$B$2-L18)
A19: =IF('隊員マスタ'!A16="","",'隊員マスタ'!A16) | B19: =IF(A19="","",'隊員マスタ'!B16) | C19: =IF(A19="","",'隊員マスタ'!C16) | D19: =IF(A19="","",'隊員マスタ'!D16) | E19: =IF(A19="","",IF(COUNTIFS('資格研修記録'!$A$5:$A$1004,A19,'資格研修記録'!$D$5:$D$1004,"潜水士免許")>0,"有","無")) | F19: =IF(A19="","",IF(COUNTIFS('資格研修記録'!$A$5:$A$1004,A19,'資格研修記録'!$D$5:$D$1004,"水難救助研修")>0,"修了","—")) | G19: =IF(A19="","",IF((IF((COUNTIFS('資格研修記録'!$A$5:$A$1004,A19,'資格研修記録'!$D$5:$D$1004,"小型船舶1級",'資格研修記録'!$F$5:$F$1004,"")+COUNTIFS('資格研修記録'!$A$5:$A$1004,A19,'資格研修記録'!$D$5:$D$1004,"小型船舶1級",'資格研修記録'!$F$5:$F$1004,">="&TODAY()))>0,"1級",IF((COUNTIFS('資格研修記録'!$A$5:$A$1004,A19,'資格研修記録'!$D$5:$D$1004,"小型船舶2級",'資格研修記録'!$F$5:$F$1004,"")+COUNTIFS('資格研修記録'!$A$5:$A$1004,A19,'資格研修記録'!$D$5:$D$1004,"小型船舶2級",'資格研修記録'!$F$5:$F$1004,">="&TODAY()))>0,"2級",IF(COUNTIFS('資格研修記録'!$A$5:$A$1004,A19,'資格研修記録'!$D$5:$D$1004,"小型船舶1級")+COUNTIFS('資格研修記録'!$A$5:$A$1004,A19,'資格研修記録'!$D$5:$D$1004,"小型船舶2級")>0,"× 1・2級 期限切れ",""))))&(IF((COUNTIFS('資格研修記録'!$A$5:$A$1004,A19,'資格研修記録'!$D$5:$D$1004,"小型船舶特殊",'資格研修記録'!$F$5:$F$1004,"")+COUNTIFS('資格研修記録'!$A$5:$A$1004,A19,'資格研修記録'!$D$5:$D$1004,"小型船舶特殊",'資格研修記録'!$F$5:$F$1004,">="&TODAY()))>0,"特殊",IF(COUNTIFS('資格研修記録'!$A$5:$A$1004,A19,'資格研修記録'!$D$5:$D$1004,"小型船舶特殊")>0,"× 特殊 期限切れ","")))="","—",_xlfn.TEXTJOIN("・",TRUE,IF((COUNTIFS('資格研修記録'!$A$5:$A$1004,A19,'資格研修記録'!$D$5:$D$1004,"小型船舶1級",'資格研修記録'!$F$5:$F$1004,"")+COUNTIFS('資格研修記録'!$A$5:$A$1004,A19,'資格研修記録'!$D$5:$D$1004,"小型船舶1級",'資格研修記録'!$F$5:$F$1004,">="&TODAY()))>0,"1級",IF((COUNTIFS('資格研修記録'!$A$5:$A$1004,A19,'資格研修記録'!$D$5:$D$1004,"小型船舶2級",'資格研修記録'!$F$5:$F$1004,"")+COUNTIFS('資格研修記録'!$A$5:$A$1004,A19,'資格研修記録'!$D$5:$D$1004,"小型船舶2級",'資格研修記録'!$F$5:$F$1004,">="&TODAY()))>0,"2級",IF(COUNTIFS('資格研修記録'!$A$5:$A$1004,A19,'資格研修記録'!$D$5:$D$1004,"小型船舶1級")+COUNTIFS('資格研修記録'!$A$5:$A$1004,A19,'資格研修記録'!$D$5:$D$1004,"小型船舶2級")>0,"× 1・2級 期限切れ",""))),IF((COUNTIFS('資格研修記録'!$A$5:$A$1004,A19,'資格研修記録'!$D$5:$D$1004,"小型船舶特殊",'資格研修記録'!$F$5:$F$1004,"")+COUNTIFS('資格研修記録'!$A$5:$A$1004,A19,'資格研修記録'!$D$5:$D$1004,"小型船舶特殊",'資格研修記録'!$F$5:$F$1004,">="&TODAY()))>0,"特殊",IF(COUNTIFS('資格研修記録'!$A$5:$A$1004,A19,'資格研修記録'!$D$5:$D$1004,"小型船舶特殊")>0,"× 特殊 期限切れ",""))))) | H19: =IF(A19="","",COUNTIFS('潜水記録'!$B$5:$B$3004,A19,'潜水記録'!$AF$5:$AF$3004,$D$2)) | I19: =IF(A19="","",COUNTIF('潜水記録'!$B$5:$B$3004,A19)) | J19: =IF(A19="","",SUMIF('潜水記録'!$B$5:$B$3004,A19,'潜水記録'!$H$5:$H$3004)) | K19: =IF(A19="","",IF(I19=0,"",_xlfn.MAXIFS('潜水記録'!$G$5:$G$3004,'潜水記録'!$B$5:$B$3004,A19))) | L19: =IF(A19="","",IF(I19=0,"",_xlfn.MAXIFS('潜水記録'!$A$5:$A$3004,'潜水記録'!$B$5:$B$3004,A19))) | M19: =IF(L19="","",$B$2-L19)
... A207: =IF('隊員マスタ'!A204="","",'隊員マスタ'!A204) | B207: =IF(A207="","",'隊員マスタ'!B204) | C207: =IF(A207="","",'隊員マスタ'!C204) | D207: =IF(A207="","",'隊員マスタ'!D204) | E207: =IF(A207="","",IF(COUNTIFS('資格研修記録'!$A$5:$A$1004,A207,'資格研修記録'!$D$5:$D$1004,"潜水士免許")>0,"有","無")) | F207: =IF(A207="","",IF(COUNTIFS('資格研修記録'!$A$5:$A$1004,A207,'資格研修記録'!$D$5:$D$1004,"水難救助研修")>0,"修了","—")) | G207: =IF(A207="","",IF((IF((COUNTIFS('資格研修記録'!$A$5:$A$1004,A207,'資格研修記録'!$D$5:$D$1004,"小型船舶1級",'資格研修記録'!$F$5:$F$1004,"")+COUNTIFS('資格研修記録'!$A$5:$A$1004,A207,'資格研修記録'!$D$5:$D$1004,"小型船舶1級",'資格研修記録'!$F$5:$F$1004,">="&TODAY()))>0,"1級",IF((COUNTIFS('資格研修記録'!$A$5:$A$1004,A207,'資格研修記録'!$D$5:$D$1004,"小型船舶2級",'資格研修記録'!$F$5:$F$1004,"")+COUNTIFS('資格研修記録'!$A$5:$A$1004,A207,'資格研修記録'!$D$5:$D$1004,"小型船舶2級",'資格研修記録'!$F$5:$F$1004,">="&TODAY()))>0,"2級",IF(COUNTIFS('資格研修記録'!$A$5:$A$1004,A207,'資格研修記録'!$D$5:$D$1004,"小型船舶1級")+COUNTIFS('資格研修記録'!$A$5:$A$1004,A207,'資格研修記録'!$D$5:$D$1004,"小型船舶2級")>0,"× 1・2級 期限切れ",""))))&(IF((COUNTIFS('資格研修記録'!$A$5:$A$1004,A207,'資格研修記録'!$D$5:$D$1004,"小型船舶特殊",'資格研修記録'!$F$5:$F$1004,"")+COUNTIFS('資格研修記録'!$A$5:$A$1004,A207,'資格研修記録'!$D$5:$D$1004,"小型船舶特殊",'資格研修記録'!$F$5:$F$1004,">="&TODAY()))>0,"特殊",IF(COUNTIFS('資格研修記録'!$A$5:$A$1004,A207,'資格研修記録'!$D$5:$D$1004,"小型船舶特殊")>0,"× 特殊 期限切れ","")))="","—",_xlfn.TEXTJOIN("・",TRUE,IF((COUNTIFS('資格研修記録'!$A$5:$A$1004,A207,'資格研修記録'!$D$5:$D$1004,"小型船舶1級",'資格研修記録'!$F$5:$F$1004,"")+COUNTIFS('資格研修記録'!$A$5:$A$1004,A207,'資格研修記録'!$D$5:$D$1004,"小型船舶1級",'資格研修記録'!$F$5:$F$1004,">="&TODAY()))>0,"1級",IF((COUNTIFS('資格研修記録'!$A$5:$A$1004,A207,'資格研修記録'!$D$5:$D$1004,"小型船舶2級",'資格研修記録'!$F$5:$F$1004,"")+COUNTIFS('資格研修記録'!$A$5:$A$1004,A207,'資格研修記録'!$D$5:$D$1004,"小型船舶2級",'資格研修記録'!$F$5:$F$1004,">="&TODAY()))>0,"2級",IF(COUNTIFS('資格研修記録'!$A$5:$A$1004,A207,'資格研修記録'!$D$5:$D$1004,"小型船舶1級")+COUNTIFS('資格研修記録'!$A$5:$A$1004,A207,'資格研修記録'!$D$5:$D$1004,"小型船舶2級")>0,"× 1・2級 期限切れ",""))),IF((COUNTIFS('資格研修記録'!$A$5:$A$1004,A207,'資格研修記録'!$D$5:$D$1004,"小型船舶特殊",'資格研修記録'!$F$5:$F$1004,"")+COUNTIFS('資格研修記録'!$A$5:$A$1004,A207,'資格研修記録'!$D$5:$D$1004,"小型船舶特殊",'資格研修記録'!$F$5:$F$1004,">="&TODAY()))>0,"特殊",IF(COUNTIFS('資格研修記録'!$A$5:$A$1004,A207,'資格研修記録'!$D$5:$D$1004,"小型船舶特殊")>0,"× 特殊 期限切れ",""))))) | H207: =IF(A207="","",COUNTIFS('潜水記録'!$B$5:$B$3004,A207,'潜水記録'!$AF$5:$AF$3004,$D$2)) | I207: =IF(A207="","",COUNTIF('潜水記録'!$B$5:$B$3004,A207)) | J207: =IF(A207="","",SUMIF('潜水記録'!$B$5:$B$3004,A207,'潜水記録'!$H$5:$H$3004)) | K207: =IF(A207="","",IF(I207=0,"",_xlfn.MAXIFS('潜水記録'!$G$5:$G$3004,'潜水記録'!$B$5:$B$3004,A207))) | L207: =IF(A207="","",IF(I207=0,"",_xlfn.MAXIFS('潜水記録'!$A$5:$A$3004,'潜水記録'!$B$5:$B$3004,A207))) | M207: =IF(L207="","",$B$2-L207)

Sheet 資格一覧
A1: 資格・研修一覧
A2: ○＝有効、× 期限切れ＝有効期限を過ぎた記録のみ、—＝記録なし、1級に含む＝1級が有効なので2級は不要。列見出しは「選択肢」の資格・研修名（先頭8件）。
A4: 職員番号 | B4: 氏名 | C4: 所属 | D4: 在籍 | E4: =IF('選択肢'!D5="","",'選択肢'!D5) | F4: =IF('選択肢'!D6="","",'選択肢'!D6) | G4: =IF('選択肢'!D7="","",'選択肢'!D7) | H4: =IF('選択肢'!D8="","",'選択肢'!D8) | I4: =IF('選択肢'!D9="","",'選択肢'!D9) | J4: =IF('選択肢'!D10="","",'選択肢'!D10) | K4: =IF('選択肢'!D11="","",'選択肢'!D11) | L4: =IF('選択肢'!D12="","",'選択肢'!D12)
A5: =IF('隊員マスタ'!A5="","",'隊員マスタ'!A5) | B5: =IF(A5="","",'隊員マスタ'!B5) | C5: =IF(A5="","",'隊員マスタ'!C5) | D5: =IF(A5="","",'隊員マスタ'!D5) | E5: =IF(OR($A5="",E$4=""),"",IF(AND(E$4="小型船舶2級",(COUNTIFS('資格研修記録'!$A$5:$A$1004,$A5,'資格研修記録'!$D$5:$D$1004,"小型船舶1級",'資格研修記録'!$F$5:$F$1004,"")+COUNTIFS('資格研修記録'!$A$5:$A$1004,$A5,'資格研修記録'!$D$5:$D$1004,"小型船舶1級",'資格研修記録'!$F$5:$F$1004,">="&TODAY()))>0),"1級に含む",IF(COUNTIFS('資格研修記録'!$A$5:$A$1004,$A5,'資格研修記録'!$D$5:$D$1004,E$4)=0,"—",IF(COUNTIFS('資格研修記録'!$A$5:$A$1004,$A5,'資格研修記録'!$D$5:$D$1004,E$4,'資格研修記録'!$F$5:$F$1004,"")+COUNTIFS('資格研修記録'!$A$5:$A$1004,$A5,'資格研修記録'!$D$5:$D$1004,E$4,'資格研修記録'!$F$5:$F$1004,">="&TODAY())>0,"○","× 期限切れ")))) | F5: =IF(OR($A5="",F$4=""),"",IF(AND(F$4="小型船舶2級",(COUNTIFS('資格研修記録'!$A$5:$A$1004,$A5,'資格研修記録'!$D$5:$D$1004,"小型船舶1級",'資格研修記録'!$F$5:$F$1004,"")+COUNTIFS('資格研修記録'!$A$5:$A$1004,$A5,'資格研修記録'!$D$5:$D$1004,"小型船舶1級",'資格研修記録'!$F$5:$F$1004,">="&TODAY()))>0),"1級に含む",IF(COUNTIFS('資格研修記録'!$A$5:$A$1004,$A5,'資格研修記録'!$D$5:$D$1004,F$4)=0,"—",IF(COUNTIFS('資格研修記録'!$A$5:$A$1004,$A5,'資格研修記録'!$D$5:$D$1004,F$4,'資格研修記録'!$F$5:$F$1004,"")+COUNTIFS('資格研修記録'!$A$5:$A$1004,$A5,'資格研修記録'!$D$5:$D$1004,F$4,'資格研修記録'!$F$5:$F$1004,">="&TODAY())>0,"○","× 期限切れ")))) | G5: =IF(OR($A5="",G$4=""),"",IF(AND(G$4="小型船舶2級",(COUNTIFS('資格研修記録'!$A$5:$A$1004,$A5,'資格研修記録'!$D$5:$D$1004,"小型船舶1級",'資格研修記録'!$F$5:$F$1004,"")+COUNTIFS('資格研修記録'!$A$5:$A$1004,$A5,'資格研修記録'!$D$5:$D$1004,"小型船舶1級",'資格研修記録'!$F$5:$F$1004,">="&TODAY()))>0),"1級に含む",IF(COUNTIFS('資格研修記録'!$A$5:$A$1004,$A5,'資格研修記録'!$D$5:$D$1004,G$4)=0,"—",IF(COUNTIFS('資格研修記録'!$A$5:$A$1004,$A5,'資格研修記録'!$D$5:$D$1004,G$4,'資格研修記録'!$F$5:$F$1004,"")+COUNTIFS('資格研修記録'!$A$5:$A$1004,$A5,'資格研修記録'!$D$5:$D$1004,G$4,'資格研修記録'!$F$5:$F$1004,">="&TODAY())>0,"○","× 期限切れ")))) | H5: =IF(OR($A5="",H$4=""),"",IF(AND(H$4="小型船舶2級",(COUNTIFS('資格研修記録'!$A$5:$A$1004,$A5,'資格研修記録'!$D$5:$D$1004,"小型船舶1級",'資格研修記録'!$F$5:$F$1004,"")+COUNTIFS('資格研修記録'!$A$5:$A$1004,$A5,'資格研修記録'!$D$5:$D$1004,"小型船舶1級",'資格研修記録'!$F$5:$F$1004,">="&TODAY()))>0),"1級に含む",IF(COUNTIFS('資格研修記録'!$A$5:$A$1004,$A5,'資格研修記録'!$D$5:$D$1004,H$4)=0,"—",IF(COUNTIFS('資格研修記録'!$A$5:$A$1004,$A5,'資格研修記録'!$D$5:$D$1004,H$4,'資格研修記録'!$F$5:$F$1004,"")+COUNTIFS('資格研修記録'!$A$5:$A$1004,$A5,'資格研修記録'!$D$5:$D$1004,H$4,'資格研修記録'!$F$5:$F$1004,">="&TODAY())>0,"○","× 期限切れ")))) | I5: =IF(OR($A5="",I$4=""),"",IF(AND(I$4="小型船舶2級",(COUNTIFS('資格研修記録'!$A$5:$A$1004,$A5,'資格研修記録'!$D$5:$D$1004,"小型船舶1級",'資格研修記録'!$F$5:$F$1004,"")+COUNTIFS('資格研修記録'!$A$5:$A$1004,$A5,'資格研修記録'!$D$5:$D$1004,"小型船舶1級",'資格研修記録'!$F$5:$F$1004,">="&TODAY()))>0),"1級に含む",IF(COUNTIFS('資格研修記録'!$A$5:$A$1004,$A5,'資格研修記録'!$D$5:$D$1004,I$4)=0,"—",IF(COUNTIFS('資格研修記録'!$A$5:$A$1004,$A5,'資格研修記録'!$D$5:$D$1004,I$4,'資格研修記録'!$F$5:$F$1004,"")+COUNTIFS('資格研修記録'!$A$5:$A$1004,$A5,'資格研修記録'!$D$5:$D$1004,I$4,'資格研修記録'!$F$5:$F$1004,">="&TODAY())>0,"○","× 期限切れ")))) | J5: =IF(OR($A5="",J$4=""),"",IF(AND(J$4="小型船舶2級",(COUNTIFS('資格研修記録'!$A$5:$A$1004,$A5,'資格研修記録'!$D$5:$D$1004,"小型船舶1級",'資格研修記録'!$F$5:$F$1004,"")+COUNTIFS('資格研修記録'!$A$5:$A$1004,$A5,'資格研修記録'!$D$5:$D$1004,"小型船舶1級",'資格研修記録'!$F$5:$F$1004,">="&TODAY()))>0),"1級に含む",IF(COUNTIFS('資格研修記録'!$A$5:$A$1004,$A5,'資格研修記録'!$D$5:$D$1004,J$4)=0,"—",IF(COUNTIFS('資格研修記録'!$A$5:$A$1004,$A5,'資格研修記録'!$D$5:$D$1004,J$4,'資格研修記録'!$F$5:$F$1004,"")+COUNTIFS('資格研修記録'!$A$5:$A$1004,$A5,'資格研修記録'!$D$5:$D$1004,J$4,'資格研修記録'!$F$5:$F$1004,">="&TODAY())>0,"○","× 期限切れ")))) | K5: =IF(OR($A5="",K$4=""),"",IF(AND(K$4="小型船舶2級",(COUNTIFS('資格研修記録'!$A$5:$A$1004,$A5,'資格研修記録'!$D$5:$D$1004,"小型船舶1級",'資格研修記録'!$F$5:$F$1004,"")+COUNTIFS('資格研修記録'!$A$5:$A$1004,$A5,'資格研修記録'!$D$5:$D$1004,"小型船舶1級",'資格研修記録'!$F$5:$F$1004,">="&TODAY()))>0),"1級に含む",IF(COUNTIFS('資格研修記録'!$A$5:$A$1004,$A5,'資格研修記録'!$D$5:$D$1004,K$4)=0,"—",IF(COUNTIFS('資格研修記録'!$A$5:$A$1004,$A5,'資格研修記録'!$D$5:$D$1004,K$4,'資格研修記録'!$F$5:$F$1004,"")+COUNTIFS('資格研修記録'!$A$5:$A$1004,$A5,'資格研修記録'!$D$5:$D$1004,K$4,'資格研修記録'!$F$5:$F$1004,">="&TODAY())>0,"○","× 期限切れ")))) | L5: =IF(OR($A5="",L$4=""),"",IF(AND(L$4="小型船舶2級",(COUNTIFS('資格研修記録'!$A$5:$A$1004,$A5,'資格研修記録'!$D$5:$D$1004,"小型船舶1級",'資格研修記録'!$F$5:$F$1004,"")+COUNTIFS('資格研修記録'!$A$5:$A$1004,$A5,'資格研修記録'!$D$5:$D$1004,"小型船舶1級",'資格研修記録'!$F$5:$F$1004,">="&TODAY()))>0),"1級に含む",IF(COUNTIFS('資格研修記録'!$A$5:$A$1004,$A5,'資格研修記録'!$D$5:$D$1004,L$4)=0,"—",IF(COUNTIFS('資格研修記録'!$A$5:$A$1004,$A5,'資格研修記録'!$D$5:$D$1004,L$4,'資格研修記録'!$F$5:$F$1004,"")+COUNTIFS('資格研修記録'!$A$5:$A$1004,$A5,'資格研修記録'!$D$5:$D$1004,L$4,'資格研修記録'!$F$5:$F$1004,">="&TODAY())>0,"○","× 期限切れ"))))
A6: =IF('隊員マスタ'!A6="","",'隊員マスタ'!A6) | B6: =IF(A6="","",'隊員マスタ'!B6) | C6: =IF(A6="","",'隊員マスタ'!C6) | D6: =IF(A6="","",'隊員マスタ'!D6) | E6: =IF(OR($A6="",E$4=""),"",IF(AND(E$4="小型船舶2級",(COUNTIFS('資格研修記録'!$A$5:$A$1004,$A6,'資格研修記録'!$D$5:$D$1004,"小型船舶1級",'資格研修記録'!$F$5:$F$1004,"")+COUNTIFS('資格研修記録'!$A$5:$A$1004,$A6,'資格研修記録'!$D$5:$D$1004,"小型船舶1級",'資格研修記録'!$F$5:$F$1004,">="&TODAY()))>0),"1級に含む",IF(COUNTIFS('資格研修記録'!$A$5:$A$1004,$A6,'資格研修記録'!$D$5:$D$1004,E$4)=0,"—",IF(COUNTIFS('資格研修記録'!$A$5:$A$1004,$A6,'資格研修記録'!$D$5:$D$1004,E$4,'資格研修記録'!$F$5:$F$1004,"")+COUNTIFS('資格研修記録'!$A$5:$A$1004,$A6,'資格研修記録'!$D$5:$D$1004,E$4,'資格研修記録'!$F$5:$F$1004,">="&TODAY())>0,"○","× 期限切れ")))) | F6: =IF(OR($A6="",F$4=""),"",IF(AND(F$4="小型船舶2級",(COUNTIFS('資格研修記録'!$A$5:$A$1004,$A6,'資格研修記録'!$D$5:$D$1004,"小型船舶1級",'資格研修記録'!$F$5:$F$1004,"")+COUNTIFS('資格研修記録'!$A$5:$A$1004,$A6,'資格研修記録'!$D$5:$D$1004,"小型船舶1級",'資格研修記録'!$F$5:$F$1004,">="&TODAY()))>0),"1級に含む",IF(COUNTIFS('資格研修記録'!$A$5:$A$1004,$A6,'資格研修記録'!$D$5:$D$1004,F$4)=0,"—",IF(COUNTIFS('資格研修記録'!$A$5:$A$1004,$A6,'資格研修記録'!$D$5:$D$1004,F$4,'資格研修記録'!$F$5:$F$1004,"")+COUNTIFS('資格研修記録'!$A$5:$A$1004,$A6,'資格研修記録'!$D$5:$D$1004,F$4,'資格研修記録'!$F$5:$F$1004,">="&TODAY())>0,"○","× 期限切れ")))) | G6: =IF(OR($A6="",G$4=""),"",IF(AND(G$4="小型船舶2級",(COUNTIFS('資格研修記録'!$A$5:$A$1004,$A6,'資格研修記録'!$D$5:$D$1004,"小型船舶1級",'資格研修記録'!$F$5:$F$1004,"")+COUNTIFS('資格研修記録'!$A$5:$A$1004,$A6,'資格研修記録'!$D$5:$D$1004,"小型船舶1級",'資格研修記録'!$F$5:$F$1004,">="&TODAY()))>0),"1級に含む",IF(COUNTIFS('資格研修記録'!$A$5:$A$1004,$A6,'資格研修記録'!$D$5:$D$1004,G$4)=0,"—",IF(COUNTIFS('資格研修記録'!$A$5:$A$1004,$A6,'資格研修記録'!$D$5:$D$1004,G$4,'資格研修記録'!$F$5:$F$1004,"")+COUNTIFS('資格研修記録'!$A$5:$A$1004,$A6,'資格研修記録'!$D$5:$D$1004,G$4,'資格研修記録'!$F$5:$F$1004,">="&TODAY())>0,"○","× 期限切れ")))) | H6: =IF(OR($A6="",H$4=""),"",IF(AND(H$4="小型船舶2級",(COUNTIFS('資格研修記録'!$A$5:$A$1004,$A6,'資格研修記録'!$D$5:$D$1004,"小型船舶1級",'資格研修記録'!$F$5:$F$1004,"")+COUNTIFS('資格研修記録'!$A$5:$A$1004,$A6,'資格研修記録'!$D$5:$D$1004,"小型船舶1級",'資格研修記録'!$F$5:$F$1004,">="&TODAY()))>0),"1級に含む",IF(COUNTIFS('資格研修記録'!$A$5:$A$1004,$A6,'資格研修記録'!$D$5:$D$1004,H$4)=0,"—",IF(COUNTIFS('資格研修記録'!$A$5:$A$1004,$A6,'資格研修記録'!$D$5:$D$1004,H$4,'資格研修記録'!$F$5:$F$1004,"")+COUNTIFS('資格研修記録'!$A$5:$A$1004,$A6,'資格研修記録'!$D$5:$D$1004,H$4,'資格研修記録'!$F$5:$F$1004,">="&TODAY())>0,"○","× 期限切れ")))) | I6: =IF(OR($A6="",I$4=""),"",IF(AND(I$4="小型船舶2級",(COUNTIFS('資格研修記録'!$A$5:$A$1004,$A6,'資格研修記録'!$D$5:$D$1004,"小型船舶1級",'資格研修記録'!$F$5:$F$1004,"")+COUNTIFS('資格研修記録'!$A$5:$A$1004,$A6,'資格研修記録'!$D$5:$D$1004,"小型船舶1級",'資格研修記録'!$F$5:$F$1004,">="&TODAY()))>0),"1級に含む",IF(COUNTIFS('資格研修記録'!$A$5:$A$1004,$A6,'資格研修記録'!$D$5:$D$1004,I$4)=0,"—",IF(COUNTIFS('資格研修記録'!$A$5:$A$1004,$A6,'資格研修記録'!$D$5:$D$1004,I$4,'資格研修記録'!$F$5:$F$1004,"")+COUNTIFS('資格研修記録'!$A$5:$A$1004,$A6,'資格研修記録'!$D$5:$D$1004,I$4,'資格研修記録'!$F$5:$F$1004,">="&TODAY())>0,"○","× 期限切れ")))) | J6: =IF(OR($A6="",J$4=""),"",IF(AND(J$4="小型船舶2級",(COUNTIFS('資格研修記録'!$A$5:$A$1004,$A6,'資格研修記録'!$D$5:$D$1004,"小型船舶1級",'資格研修記録'!$F$5:$F$1004,"")+COUNTIFS('資格研修記録'!$A$5:$A$1004,$A6,'資格研修記録'!$D$5:$D$1004,"小型船舶1級",'資格研修記録'!$F$5:$F$1004,">="&TODAY()))>0),"1級に含む",IF(COUNTIFS('資格研修記録'!$A$5:$A$1004,$A6,'資格研修記録'!$D$5:$D$1004,J$4)=0,"—",IF(COUNTIFS('資格研修記録'!$A$5:$A$1004,$A6,'資格研修記録'!$D$5:$D$1004,J$4,'資格研修記録'!$F$5:$F$1004,"")+COUNTIFS('資格研修記録'!$A$5:$A$1004,$A6,'資格研修記録'!$D$5:$D$1004,J$4,'資格研修記録'!$F$5:$F$1004,">="&TODAY())>0,"○","× 期限切れ")))) | K6: =IF(OR($A6="",K$4=""),"",IF(AND(K$4="小型船舶2級",(COUNTIFS('資格研修記録'!$A$5:$A$1004,$A6,'資格研修記録'!$D$5:$D$1004,"小型船舶1級",'資格研修記録'!$F$5:$F$1004,"")+COUNTIFS('資格研修記録'!$A$5:$A$1004,$A6,'資格研修記録'!$D$5:$D$1004,"小型船舶1級",'資格研修記録'!$F$5:$F$1004,">="&TODAY()))>0),"1級に含む",IF(COUNTIFS('資格研修記録'!$A$5:$A$1004,$A6,'資格研修記録'!$D$5:$D$1004,K$4)=0,"—",IF(COUNTIFS('資格研修記録'!$A$5:$A$1004,$A6,'資格研修記録'!$D$5:$D$1004,K$4,'資格研修記録'!$F$5:$F$1004,"")+COUNTIFS('資格研修記録'!$A$5:$A$1004,$A6,'資格研修記録'!$D$5:$D$1004,K$4,'資格研修記録'!$F$5:$F$1004,">="&TODAY())>0,"○","× 期限切れ")))) | L6: =IF(OR($A6="",L$4=""),"",IF(AND(L$4="小型船舶2級",(COUNTIFS('資格研修記録'!$A$5:$A$1004,$A6,'資格研修記録'!$D$5:$D$1004,"小型船舶1級",'資格研修記録'!$F$5:$F$1004,"")+COUNTIFS('資格研修記録'!$A$5:$A$1004,$A6,'資格研修記録'!$D$5:$D$1004,"小型船舶1級",'資格研修記録'!$F$5:$F$1004,">="&TODAY()))>0),"1級に含む",IF(COUNTIFS('資格研修記録'!$A$5:$A$1004,$A6,'資格研修記録'!$D$5:$D$1004,L$4)=0,"—",IF(COUNTIFS('資格研修記録'!$A$5:$A$1004,$A6,'資格研修記録'!$D$5:$D$1004,L$4,'資格研修記録'!$F$5:$F$1004,"")+COUNTIFS('資格研修記録'!$A$5:$A$1004,$A6,'資格研修記録'!$D$5:$D$1004,L$4,'資格研修記録'!$F$5:$F$1004,">="&TODAY())>0,"○","× 期限切れ"))))
A7: =IF('隊員マスタ'!A7="","",'隊員マスタ'!A7) | B7: =IF(A7="","",'隊員マスタ'!B7) | C7: =IF(A7="","",'隊員マスタ'!C7) | D7: =IF(A7="","",'隊員マスタ'!D7) | E7: =IF(OR($A7="",E$4=""),"",IF(AND(E$4="小型船舶2級",(COUNTIFS('資格研修記録'!$A$5:$A$1004,$A7,'資格研修記録'!$D$5:$D$1004,"小型船舶1級",'資格研修記録'!$F$5:$F$1004,"")+COUNTIFS('資格研修記録'!$A$5:$A$1004,$A7,'資格研修記録'!$D$5:$D$1004,"小型船舶1級",'資格研修記録'!$F$5:$F$1004,">="&TODAY()))>0),"1級に含む",IF(COUNTIFS('資格研修記録'!$A$5:$A$1004,$A7,'資格研修記録'!$D$5:$D$1004,E$4)=0,"—",IF(COUNTIFS('資格研修記録'!$A$5:$A$1004,$A7,'資格研修記録'!$D$5:$D$1004,E$4,'資格研修記録'!$F$5:$F$1004,"")+COUNTIFS('資格研修記録'!$A$5:$A$1004,$A7,'資格研修記録'!$D$5:$D$1004,E$4,'資格研修記録'!$F$5:$F$1004,">="&TODAY())>0,"○","× 期限切れ")))) | F7: =IF(OR($A7="",F$4=""),"",IF(AND(F$4="小型船舶2級",(COUNTIFS('資格研修記録'!$A$5:$A$1004,$A7,'資格研修記録'!$D$5:$D$1004,"小型船舶1級",'資格研修記録'!$F$5:$F$1004,"")+COUNTIFS('資格研修記録'!$A$5:$A$1004,$A7,'資格研修記録'!$D$5:$D$1004,"小型船舶1級",'資格研修記録'!$F$5:$F$1004,">="&TODAY()))>0),"1級に含む",IF(COUNTIFS('資格研修記録'!$A$5:$A$1004,$A7,'資格研修記録'!$D$5:$D$1004,F$4)=0,"—",IF(COUNTIFS('資格研修記録'!$A$5:$A$1004,$A7,'資格研修記録'!$D$5:$D$1004,F$4,'資格研修記録'!$F$5:$F$1004,"")+COUNTIFS('資格研修記録'!$A$5:$A$1004,$A7,'資格研修記録'!$D$5:$D$1004,F$4,'資格研修記録'!$F$5:$F$1004,">="&TODAY())>0,"○","× 期限切れ")))) | G7: =IF(OR($A7="",G$4=""),"",IF(AND(G$4="小型船舶2級",(COUNTIFS('資格研修記録'!$A$5:$A$1004,$A7,'資格研修記録'!$D$5:$D$1004,"小型船舶1級",'資格研修記録'!$F$5:$F$1004,"")+COUNTIFS('資格研修記録'!$A$5:$A$1004,$A7,'資格研修記録'!$D$5:$D$1004,"小型船舶1級",'資格研修記録'!$F$5:$F$1004,">="&TODAY()))>0),"1級に含む",IF(COUNTIFS('資格研修記録'!$A$5:$A$1004,$A7,'資格研修記録'!$D$5:$D$1004,G$4)=0,"—",IF(COUNTIFS('資格研修記録'!$A$5:$A$1004,$A7,'資格研修記録'!$D$5:$D$1004,G$4,'資格研修記録'!$F$5:$F$1004,"")+COUNTIFS('資格研修記録'!$A$5:$A$1004,$A7,'資格研修記録'!$D$5:$D$1004,G$4,'資格研修記録'!$F$5:$F$1004,">="&TODAY())>0,"○","× 期限切れ")))) | H7: =IF(OR($A7="",H$4=""),"",IF(AND(H$4="小型船舶2級",(COUNTIFS('資格研修記録'!$A$5:$A$1004,$A7,'資格研修記録'!$D$5:$D$1004,"小型船舶1級",'資格研修記録'!$F$5:$F$1004,"")+COUNTIFS('資格研修記録'!$A$5:$A$1004,$A7,'資格研修記録'!$D$5:$D$1004,"小型船舶1級",'資格研修記録'!$F$5:$F$1004,">="&TODAY()))>0),"1級に含む",IF(COUNTIFS('資格研修記録'!$A$5:$A$1004,$A7,'資格研修記録'!$D$5:$D$1004,H$4)=0,"—",IF(COUNTIFS('資格研修記録'!$A$5:$A$1004,$A7,'資格研修記録'!$D$5:$D$1004,H$4,'資格研修記録'!$F$5:$F$1004,"")+COUNTIFS('資格研修記録'!$A$5:$A$1004,$A7,'資格研修記録'!$D$5:$D$1004,H$4,'資格研修記録'!$F$5:$F$1004,">="&TODAY())>0,"○","× 期限切れ")))) | I7: =IF(OR($A7="",I$4=""),"",IF(AND(I$4="小型船舶2級",(COUNTIFS('資格研修記録'!$A$5:$A$1004,$A7,'資格研修記録'!$D$5:$D$1004,"小型船舶1級",'資格研修記録'!$F$5:$F$1004,"")+COUNTIFS('資格研修記録'!$A$5:$A$1004,$A7,'資格研修記録'!$D$5:$D$1004,"小型船舶1級",'資格研修記録'!$F$5:$F$1004,">="&TODAY()))>0),"1級に含む",IF(COUNTIFS('資格研修記録'!$A$5:$A$1004,$A7,'資格研修記録'!$D$5:$D$1004,I$4)=0,"—",IF(COUNTIFS('資格研修記録'!$A$5:$A$1004,$A7,'資格研修記録'!$D$5:$D$1004,I$4,'資格研修記録'!$F$5:$F$1004,"")+COUNTIFS('資格研修記録'!$A$5:$A$1004,$A7,'資格研修記録'!$D$5:$D$1004,I$4,'資格研修記録'!$F$5:$F$1004,">="&TODAY())>0,"○","× 期限切れ")))) | J7: =IF(OR($A7="",J$4=""),"",IF(AND(J$4="小型船舶2級",(COUNTIFS('資格研修記録'!$A$5:$A$1004,$A7,'資格研修記録'!$D$5:$D$1004,"小型船舶1級",'資格研修記録'!$F$5:$F$1004,"")+COUNTIFS('資格研修記録'!$A$5:$A$1004,$A7,'資格研修記録'!$D$5:$D$1004,"小型船舶1級",'資格研修記録'!$F$5:$F$1004,">="&TODAY()))>0),"1級に含む",IF(COUNTIFS('資格研修記録'!$A$5:$A$1004,$A7,'資格研修記録'!$D$5:$D$1004,J$4)=0,"—",IF(COUNTIFS('資格研修記録'!$A$5:$A$1004,$A7,'資格研修記録'!$D$5:$D$1004,J$4,'資格研修記録'!$F$5:$F$1004,"")+COUNTIFS('資格研修記録'!$A$5:$A$1004,$A7,'資格研修記録'!$D$5:$D$1004,J$4,'資格研修記録'!$F$5:$F$1004,">="&TODAY())>0,"○","× 期限切れ")))) | K7: =IF(OR($A7="",K$4=""),"",IF(AND(K$4="小型船舶2級",(COUNTIFS('資格研修記録'!$A$5:$A$1004,$A7,'資格研修記録'!$D$5:$D$1004,"小型船舶1級",'資格研修記録'!$F$5:$F$1004,"")+COUNTIFS('資格研修記録'!$A$5:$A$1004,$A7,'資格研修記録'!$D$5:$D$1004,"小型船舶1級",'資格研修記録'!$F$5:$F$1004,">="&TODAY()))>0),"1級に含む",IF(COUNTIFS('資格研修記録'!$A$5:$A$1004,$A7,'資格研修記録'!$D$5:$D$1004,K$4)=0,"—",IF(COUNTIFS('資格研修記録'!$A$5:$A$1004,$A7,'資格研修記録'!$D$5:$D$1004,K$4,'資格研修記録'!$F$5:$F$1004,"")+COUNTIFS('資格研修記録'!$A$5:$A$1004,$A7,'資格研修記録'!$D$5:$D$1004,K$4,'資格研修記録'!$F$5:$F$1004,">="&TODAY())>0,"○","× 期限切れ")))) | L7: =IF(OR($A7="",L$4=""),"",IF(AND(L$4="小型船舶2級",(COUNTIFS('資格研修記録'!$A$5:$A$1004,$A7,'資格研修記録'!$D$5:$D$1004,"小型船舶1級",'資格研修記録'!$F$5:$F$1004,"")+COUNTIFS('資格研修記録'!$A$5:$A$1004,$A7,'資格研修記録'!$D$5:$D$1004,"小型船舶1級",'資格研修記録'!$F$5:$F$1004,">="&TODAY()))>0),"1級に含む",IF(COUNTIFS('資格研修記録'!$A$5:$A$1004,$A7,'資格研修記録'!$D$5:$D$1004,L$4)=0,"—",IF(COUNTIFS('資格研修記録'!$A$5:$A$1004,$A7,'資格研修記録'!$D$5:$D$1004,L$4,'資格研修記録'!$F$5:$F$1004,"")+COUNTIFS('資格研修記録'!$A$5:$A$1004,$A7,'資格研修記録'!$D$5:$D$1004,L$4,'資格研修記録'!$F$5:$F$1004,">="&TODAY())>0,"○","× 期限切れ"))))
A8: =IF('隊員マスタ'!A8="","",'隊員マスタ'!A8) | B8: =IF(A8="","",'隊員マスタ'!B8) | C8: =IF(A8="","",'隊員マスタ'!C8) | D8: =IF(A8="","",'隊員マスタ'!D8) | E8: =IF(OR($A8="",E$4=""),"",IF(AND(E$4="小型船舶2級",(COUNTIFS('資格研修記録'!$A$5:$A$1004,$A8,'資格研修記録'!$D$5:$D$1004,"小型船舶1級",'資格研修記録'!$F$5:$F$1004,"")+COUNTIFS('資格研修記録'!$A$5:$A$1004,$A8,'資格研修記録'!$D$5:$D$1004,"小型船舶1級",'資格研修記録'!$F$5:$F$1004,">="&TODAY()))>0),"1級に含む",IF(COUNTIFS('資格研修記録'!$A$5:$A$1004,$A8,'資格研修記録'!$D$5:$D$1004,E$4)=0,"—",IF(COUNTIFS('資格研修記録'!$A$5:$A$1004,$A8,'資格研修記録'!$D$5:$D$1004,E$4,'資格研修記録'!$F$5:$F$1004,"")+COUNTIFS('資格研修記録'!$A$5:$A$1004,$A8,'資格研修記録'!$D$5:$D$1004,E$4,'資格研修記録'!$F$5:$F$1004,">="&TODAY())>0,"○","× 期限切れ")))) | F8: =IF(OR($A8="",F$4=""),"",IF(AND(F$4="小型船舶2級",(COUNTIFS('資格研修記録'!$A$5:$A$1004,$A8,'資格研修記録'!$D$5:$D$1004,"小型船舶1級",'資格研修記録'!$F$5:$F$1004,"")+COUNTIFS('資格研修記録'!$A$5:$A$1004,$A8,'資格研修記録'!$D$5:$D$1004,"小型船舶1級",'資格研修記録'!$F$5:$F$1004,">="&TODAY()))>0),"1級に含む",IF(COUNTIFS('資格研修記録'!$A$5:$A$1004,$A8,'資格研修記録'!$D$5:$D$1004,F$4)=0,"—",IF(COUNTIFS('資格研修記録'!$A$5:$A$1004,$A8,'資格研修記録'!$D$5:$D$1004,F$4,'資格研修記録'!$F$5:$F$1004,"")+COUNTIFS('資格研修記録'!$A$5:$A$1004,$A8,'資格研修記録'!$D$5:$D$1004,F$4,'資格研修記録'!$F$5:$F$1004,">="&TODAY())>0,"○","× 期限切れ")))) | G8: =IF(OR($A8="",G$4=""),"",IF(AND(G$4="小型船舶2級",(COUNTIFS('資格研修記録'!$A$5:$A$1004,$A8,'資格研修記録'!$D$5:$D$1004,"小型船舶1級",'資格研修記録'!$F$5:$F$1004,"")+COUNTIFS('資格研修記録'!$A$5:$A$1004,$A8,'資格研修記録'!$D$5:$D$1004,"小型船舶1級",'資格研修記録'!$F$5:$F$1004,">="&TODAY()))>0),"1級に含む",IF(COUNTIFS('資格研修記録'!$A$5:$A$1004,$A8,'資格研修記録'!$D$5:$D$1004,G$4)=0,"—",IF(COUNTIFS('資格研修記録'!$A$5:$A$1004,$A8,'資格研修記録'!$D$5:$D$1004,G$4,'資格研修記録'!$F$5:$F$1004,"")+COUNTIFS('資格研修記録'!$A$5:$A$1004,$A8,'資格研修記録'!$D$5:$D$1004,G$4,'資格研修記録'!$F$5:$F$1004,">="&TODAY())>0,"○","× 期限切れ")))) | H8: =IF(OR($A8="",H$4=""),"",IF(AND(H$4="小型船舶2級",(COUNTIFS('資格研修記録'!$A$5:$A$1004,$A8,'資格研修記録'!$D$5:$D$1004,"小型船舶1級",'資格研修記録'!$F$5:$F$1004,"")+COUNTIFS('資格研修記録'!$A$5:$A$1004,$A8,'資格研修記録'!$D$5:$D$1004,"小型船舶1級",'資格研修記録'!$F$5:$F$1004,">="&TODAY()))>0),"1級に含む",IF(COUNTIFS('資格研修記録'!$A$5:$A$1004,$A8,'資格研修記録'!$D$5:$D$1004,H$4)=0,"—",IF(COUNTIFS('資格研修記録'!$A$5:$A$1004,$A8,'資格研修記録'!$D$5:$D$1004,H$4,'資格研修記録'!$F$5:$F$1004,"")+COUNTIFS('資格研修記録'!$A$5:$A$1004,$A8,'資格研修記録'!$D$5:$D$1004,H$4,'資格研修記録'!$F$5:$F$1004,">="&TODAY())>0,"○","× 期限切れ")))) | I8: =IF(OR($A8="",I$4=""),"",IF(AND(I$4="小型船舶2級",(COUNTIFS('資格研修記録'!$A$5:$A$1004,$A8,'資格研修記録'!$D$5:$D$1004,"小型船舶1級",'資格研修記録'!$F$5:$F$1004,"")+COUNTIFS('資格研修記録'!$A$5:$A$1004,$A8,'資格研修記録'!$D$5:$D$1004,"小型船舶1級",'資格研修記録'!$F$5:$F$1004,">="&TODAY()))>0),"1級に含む",IF(COUNTIFS('資格研修記録'!$A$5:$A$1004,$A8,'資格研修記録'!$D$5:$D$1004,I$4)=0,"—",IF(COUNTIFS('資格研修記録'!$A$5:$A$1004,$A8,'資格研修記録'!$D$5:$D$1004,I$4,'資格研修記録'!$F$5:$F$1004,"")+COUNTIFS('資格研修記録'!$A$5:$A$1004,$A8,'資格研修記録'!$D$5:$D$1004,I$4,'資格研修記録'!$F$5:$F$1004,">="&TODAY())>0,"○","× 期限切れ")))) | J8: =IF(OR($A8="",J$4=""),"",IF(AND(J$4="小型船舶2級",(COUNTIFS('資格研修記録'!$A$5:$A$1004,$A8,'資格研修記録'!$D$5:$D$1004,"小型船舶1級",'資格研修記録'!$F$5:$F$1004,"")+COUNTIFS('資格研修記録'!$A$5:$A$1004,$A8,'資格研修記録'!$D$5:$D$1004,"小型船舶1級",'資格研修記録'!$F$5:$F$1004,">="&TODAY()))>0),"1級に含む",IF(COUNTIFS('資格研修記録'!$A$5:$A$1004,$A8,'資格研修記録'!$D$5:$D$1004,J$4)=0,"—",IF(COUNTIFS('資格研修記録'!$A$5:$A$1004,$A8,'資格研修記録'!$D$5:$D$1004,J$4,'資格研修記録'!$F$5:$F$1004,"")+COUNTIFS('資格研修記録'!$A$5:$A$1004,$A8,'資格研修記録'!$D$5:$D$1004,J$4,'資格研修記録'!$F$5:$F$1004,">="&TODAY())>0,"○","× 期限切れ")))) | K8: =IF(OR($A8="",K$4=""),"",IF(AND(K$4="小型船舶2級",(COUNTIFS('資格研修記録'!$A$5:$A$1004,$A8,'資格研修記録'!$D$5:$D$1004,"小型船舶1級",'資格研修記録'!$F$5:$F$1004,"")+COUNTIFS('資格研修記録'!$A$5:$A$1004,$A8,'資格研修記録'!$D$5:$D$1004,"小型船舶1級",'資格研修記録'!$F$5:$F$1004,">="&TODAY()))>0),"1級に含む",IF(COUNTIFS('資格研修記録'!$A$5:$A$1004,$A8,'資格研修記録'!$D$5:$D$1004,K$4)=0,"—",IF(COUNTIFS('資格研修記録'!$A$5:$A$1004,$A8,'資格研修記録'!$D$5:$D$1004,K$4,'資格研修記録'!$F$5:$F$1004,"")+COUNTIFS('資格研修記録'!$A$5:$A$1004,$A8,'資格研修記録'!$D$5:$D$1004,K$4,'資格研修記録'!$F$5:$F$1004,">="&TODAY())>0,"○","× 期限切れ")))) | L8: =IF(OR($A8="",L$4=""),"",IF(AND(L$4="小型船舶2級",(COUNTIFS('資格研修記録'!$A$5:$A$1004,$A8,'資格研修記録'!$D$5:$D$1004,"小型船舶1級",'資格研修記録'!$F$5:$F$1004,"")+COUNTIFS('資格研修記録'!$A$5:$A$1004,$A8,'資格研修記録'!$D$5:$D$1004,"小型船舶1級",'資格研修記録'!$F$5:$F$1004,">="&TODAY()))>0),"1級に含む",IF(COUNTIFS('資格研修記録'!$A$5:$A$1004,$A8,'資格研修記録'!$D$5:$D$1004,L$4)=0,"—",IF(COUNTIFS('資格研修記録'!$A$5:$A$1004,$A8,'資格研修記録'!$D$5:$D$1004,L$4,'資格研修記録'!$F$5:$F$1004,"")+COUNTIFS('資格研修記録'!$A$5:$A$1004,$A8,'資格研修記録'!$D$5:$D$1004,L$4,'資格研修記録'!$F$5:$F$1004,">="&TODAY())>0,"○","× 期限切れ"))))
A9: =IF('隊員マスタ'!A9="","",'隊員マスタ'!A9) | B9: =IF(A9="","",'隊員マスタ'!B9) | C9: =IF(A9="","",'隊員マスタ'!C9) | D9: =IF(A9="","",'隊員マスタ'!D9) | E9: =IF(OR($A9="",E$4=""),"",IF(AND(E$4="小型船舶2級",(COUNTIFS('資格研修記録'!$A$5:$A$1004,$A9,'資格研修記録'!$D$5:$D$1004,"小型船舶1級",'資格研修記録'!$F$5:$F$1004,"")+COUNTIFS('資格研修記録'!$A$5:$A$1004,$A9,'資格研修記録'!$D$5:$D$1004,"小型船舶1級",'資格研修記録'!$F$5:$F$1004,">="&TODAY()))>0),"1級に含む",IF(COUNTIFS('資格研修記録'!$A$5:$A$1004,$A9,'資格研修記録'!$D$5:$D$1004,E$4)=0,"—",IF(COUNTIFS('資格研修記録'!$A$5:$A$1004,$A9,'資格研修記録'!$D$5:$D$1004,E$4,'資格研修記録'!$F$5:$F$1004,"")+COUNTIFS('資格研修記録'!$A$5:$A$1004,$A9,'資格研修記録'!$D$5:$D$1004,E$4,'資格研修記録'!$F$5:$F$1004,">="&TODAY())>0,"○","× 期限切れ")))) | F9: =IF(OR($A9="",F$4=""),"",IF(AND(F$4="小型船舶2級",(COUNTIFS('資格研修記録'!$A$5:$A$1004,$A9,'資格研修記録'!$D$5:$D$1004,"小型船舶1級",'資格研修記録'!$F$5:$F$1004,"")+COUNTIFS('資格研修記録'!$A$5:$A$1004,$A9,'資格研修記録'!$D$5:$D$1004,"小型船舶1級",'資格研修記録'!$F$5:$F$1004,">="&TODAY()))>0),"1級に含む",IF(COUNTIFS('資格研修記録'!$A$5:$A$1004,$A9,'資格研修記録'!$D$5:$D$1004,F$4)=0,"—",IF(COUNTIFS('資格研修記録'!$A$5:$A$1004,$A9,'資格研修記録'!$D$5:$D$1004,F$4,'資格研修記録'!$F$5:$F$1004,"")+COUNTIFS('資格研修記録'!$A$5:$A$1004,$A9,'資格研修記録'!$D$5:$D$1004,F$4,'資格研修記録'!$F$5:$F$1004,">="&TODAY())>0,"○","× 期限切れ")))) | G9: =IF(OR($A9="",G$4=""),"",IF(AND(G$4="小型船舶2級",(COUNTIFS('資格研修記録'!$A$5:$A$1004,$A9,'資格研修記録'!$D$5:$D$1004,"小型船舶1級",'資格研修記録'!$F$5:$F$1004,"")+COUNTIFS('資格研修記録'!$A$5:$A$1004,$A9,'資格研修記録'!$D$5:$D$1004,"小型船舶1級",'資格研修記録'!$F$5:$F$1004,">="&TODAY()))>0),"1級に含む",IF(COUNTIFS('資格研修記録'!$A$5:$A$1004,$A9,'資格研修記録'!$D$5:$D$1004,G$4)=0,"—",IF(COUNTIFS('資格研修記録'!$A$5:$A$1004,$A9,'資格研修記録'!$D$5:$D$1004,G$4,'資格研修記録'!$F$5:$F$1004,"")+COUNTIFS('資格研修記録'!$A$5:$A$1004,$A9,'資格研修記録'!$D$5:$D$1004,G$4,'資格研修記録'!$F$5:$F$1004,">="&TODAY())>0,"○","× 期限切れ")))) | H9: =IF(OR($A9="",H$4=""),"",IF(AND(H$4="小型船舶2級",(COUNTIFS('資格研修記録'!$A$5:$A$1004,$A9,'資格研修記録'!$D$5:$D$1004,"小型船舶1級",'資格研修記録'!$F$5:$F$1004,"")+COUNTIFS('資格研修記録'!$A$5:$A$1004,$A9,'資格研修記録'!$D$5:$D$1004,"小型船舶1級",'資格研修記録'!$F$5:$F$1004,">="&TODAY()))>0),"1級に含む",IF(COUNTIFS('資格研修記録'!$A$5:$A$1004,$A9,'資格研修記録'!$D$5:$D$1004,H$4)=0,"—",IF(COUNTIFS('資格研修記録'!$A$5:$A$1004,$A9,'資格研修記録'!$D$5:$D$1004,H$4,'資格研修記録'!$F$5:$F$1004,"")+COUNTIFS('資格研修記録'!$A$5:$A$1004,$A9,'資格研修記録'!$D$5:$D$1004,H$4,'資格研修記録'!$F$5:$F$1004,">="&TODAY())>0,"○","× 期限切れ")))) | I9: =IF(OR($A9="",I$4=""),"",IF(AND(I$4="小型船舶2級",(COUNTIFS('資格研修記録'!$A$5:$A$1004,$A9,'資格研修記録'!$D$5:$D$1004,"小型船舶1級",'資格研修記録'!$F$5:$F$1004,"")+COUNTIFS('資格研修記録'!$A$5:$A$1004,$A9,'資格研修記録'!$D$5:$D$1004,"小型船舶1級",'資格研修記録'!$F$5:$F$1004,">="&TODAY()))>0),"1級に含む",IF(COUNTIFS('資格研修記録'!$A$5:$A$1004,$A9,'資格研修記録'!$D$5:$D$1004,I$4)=0,"—",IF(COUNTIFS('資格研修記録'!$A$5:$A$1004,$A9,'資格研修記録'!$D$5:$D$1004,I$4,'資格研修記録'!$F$5:$F$1004,"")+COUNTIFS('資格研修記録'!$A$5:$A$1004,$A9,'資格研修記録'!$D$5:$D$1004,I$4,'資格研修記録'!$F$5:$F$1004,">="&TODAY())>0,"○","× 期限切れ")))) | J9: =IF(OR($A9="",J$4=""),"",IF(AND(J$4="小型船舶2級",(COUNTIFS('資格研修記録'!$A$5:$A$1004,$A9,'資格研修記録'!$D$5:$D$1004,"小型船舶1級",'資格研修記録'!$F$5:$F$1004,"")+COUNTIFS('資格研修記録'!$A$5:$A$1004,$A9,'資格研修記録'!$D$5:$D$1004,"小型船舶1級",'資格研修記録'!$F$5:$F$1004,">="&TODAY()))>0),"1級に含む",IF(COUNTIFS('資格研修記録'!$A$5:$A$1004,$A9,'資格研修記録'!$D$5:$D$1004,J$4)=0,"—",IF(COUNTIFS('資格研修記録'!$A$5:$A$1004,$A9,'資格研修記録'!$D$5:$D$1004,J$4,'資格研修記録'!$F$5:$F$1004,"")+COUNTIFS('資格研修記録'!$A$5:$A$1004,$A9,'資格研修記録'!$D$5:$D$1004,J$4,'資格研修記録'!$F$5:$F$1004,">="&TODAY())>0,"○","× 期限切れ")))) | K9: =IF(OR($A9="",K$4=""),"",IF(AND(K$4="小型船舶2級",(COUNTIFS('資格研修記録'!$A$5:$A$1004,$A9,'資格研修記録'!$D$5:$D$1004,"小型船舶1級",'資格研修記録'!$F$5:$F$1004,"")+COUNTIFS('資格研修記録'!$A$5:$A$1004,$A9,'資格研修記録'!$D$5:$D$1004,"小型船舶1級",'資格研修記録'!$F$5:$F$1004,">="&TODAY()))>0),"1級に含む",IF(COUNTIFS('資格研修記録'!$A$5:$A$1004,$A9,'資格研修記録'!$D$5:$D$1004,K$4)=0,"—",IF(COUNTIFS('資格研修記録'!$A$5:$A$1004,$A9,'資格研修記録'!$D$5:$D$1004,K$4,'資格研修記録'!$F$5:$F$1004,"")+COUNTIFS('資格研修記録'!$A$5:$A$1004,$A9,'資格研修記録'!$D$5:$D$1004,K$4,'資格研修記録'!$F$5:$F$1004,">="&TODAY())>0,"○","× 期限切れ")))) | L9: =IF(OR($A9="",L$4=""),"",IF(AND(L$4="小型船舶2級",(COUNTIFS('資格研修記録'!$A$5:$A$1004,$A9,'資格研修記録'!$D$5:$D$1004,"小型船舶1級",'資格研修記録'!$F$5:$F$1004,"")+COUNTIFS('資格研修記録'!$A$5:$A$1004,$A9,'資格研修記録'!$D$5:$D$1004,"小型船舶1級",'資格研修記録'!$F$5:$F$1004,">="&TODAY()))>0),"1級に含む",IF(COUNTIFS('資格研修記録'!$A$5:$A$1004,$A9,'資格研修記録'!$D$5:$D$1004,L$4)=0,"—",IF(COUNTIFS('資格研修記録'!$A$5:$A$1004,$A9,'資格研修記録'!$D$5:$D$1004,L$4,'資格研修記録'!$F$5:$F$1004,"")+COUNTIFS('資格研修記録'!$A$5:$A$1004,$A9,'資格研修記録'!$D$5:$D$1004,L$4,'資格研修記録'!$F$5:$F$1004,">="&TODAY())>0,"○","× 期限切れ"))))
A10: =IF('隊員マスタ'!A10="","",'隊員マスタ'!A10) | B10: =IF(A10="","",'隊員マスタ'!B10) | C10: =IF(A10="","",'隊員マスタ'!C10) | D10: =IF(A10="","",'隊員マスタ'!D10) | E10: =IF(OR($A10="",E$4=""),"",IF(AND(E$4="小型船舶2級",(COUNTIFS('資格研修記録'!$A$5:$A$1004,$A10,'資格研修記録'!$D$5:$D$1004,"小型船舶1級",'資格研修記録'!$F$5:$F$1004,"")+COUNTIFS('資格研修記録'!$A$5:$A$1004,$A10,'資格研修記録'!$D$5:$D$1004,"小型船舶1級",'資格研修記録'!$F$5:$F$1004,">="&TODAY()))>0),"1級に含む",IF(COUNTIFS('資格研修記録'!$A$5:$A$1004,$A10,'資格研修記録'!$D$5:$D$1004,E$4)=0,"—",IF(COUNTIFS('資格研修記録'!$A$5:$A$1004,$A10,'資格研修記録'!$D$5:$D$1004,E$4,'資格研修記録'!$F$5:$F$1004,"")+COUNTIFS('資格研修記録'!$A$5:$A$1004,$A10,'資格研修記録'!$D$5:$D$1004,E$4,'資格研修記録'!$F$5:$F$1004,">="&TODAY())>0,"○","× 期限切れ")))) | F10: =IF(OR($A10="",F$4=""),"",IF(AND(F$4="小型船舶2級",(COUNTIFS('資格研修記録'!$A$5:$A$1004,$A10,'資格研修記録'!$D$5:$D$1004,"小型船舶1級",'資格研修記録'!$F$5:$F$1004,"")+COUNTIFS('資格研修記録'!$A$5:$A$1004,$A10,'資格研修記録'!$D$5:$D$1004,"小型船舶1級",'資格研修記録'!$F$5:$F$1004,">="&TODAY()))>0),"1級に含む",IF(COUNTIFS('資格研修記録'!$A$5:$A$1004,$A10,'資格研修記録'!$D$5:$D$1004,F$4)=0,"—",IF(COUNTIFS('資格研修記録'!$A$5:$A$1004,$A10,'資格研修記録'!$D$5:$D$1004,F$4,'資格研修記録'!$F$5:$F$1004,"")+COUNTIFS('資格研修記録'!$A$5:$A$1004,$A10,'資格研修記録'!$D$5:$D$1004,F$4,'資格研修記録'!$F$5:$F$1004,">="&TODAY())>0,"○","× 期限切れ")))) | G10: =IF(OR($A10="",G$4=""),"",IF(AND(G$4="小型船舶2級",(COUNTIFS('資格研修記録'!$A$5:$A$1004,$A10,'資格研修記録'!$D$5:$D$1004,"小型船舶1級",'資格研修記録'!$F$5:$F$1004,"")+COUNTIFS('資格研修記録'!$A$5:$A$1004,$A10,'資格研修記録'!$D$5:$D$1004,"小型船舶1級",'資格研修記録'!$F$5:$F$1004,">="&TODAY()))>0),"1級に含む",IF(COUNTIFS('資格研修記録'!$A$5:$A$1004,$A10,'資格研修記録'!$D$5:$D$1004,G$4)=0,"—",IF(COUNTIFS('資格研修記録'!$A$5:$A$1004,$A10,'資格研修記録'!$D$5:$D$1004,G$4,'資格研修記録'!$F$5:$F$1004,"")+COUNTIFS('資格研修記録'!$A$5:$A$1004,$A10,'資格研修記録'!$D$5:$D$1004,G$4,'資格研修記録'!$F$5:$F$1004,">="&TODAY())>0,"○","× 期限切れ")))) | H10: =IF(OR($A10="",H$4=""),"",IF(AND(H$4="小型船舶2級",(COUNTIFS('資格研修記録'!$A$5:$A$1004,$A10,'資格研修記録'!$D$5:$D$1004,"小型船舶1級",'資格研修記録'!$F$5:$F$1004,"")+COUNTIFS('資格研修記録'!$A$5:$A$1004,$A10,'資格研修記録'!$D$5:$D$1004,"小型船舶1級",'資格研修記録'!$F$5:$F$1004,">="&TODAY()))>0),"1級に含む",IF(COUNTIFS('資格研修記録'!$A$5:$A$1004,$A10,'資格研修記録'!$D$5:$D$1004,H$4)=0,"—",IF(COUNTIFS('資格研修記録'!$A$5:$A$1004,$A10,'資格研修記録'!$D$5:$D$1004,H$4,'資格研修記録'!$F$5:$F$1004,"")+COUNTIFS('資格研修記録'!$A$5:$A$1004,$A10,'資格研修記録'!$D$5:$D$1004,H$4,'資格研修記録'!$F$5:$F$1004,">="&TODAY())>0,"○","× 期限切れ")))) | I10: =IF(OR($A10="",I$4=""),"",IF(AND(I$4="小型船舶2級",(COUNTIFS('資格研修記録'!$A$5:$A$1004,$A10,'資格研修記録'!$D$5:$D$1004,"小型船舶1級",'資格研修記録'!$F$5:$F$1004,"")+COUNTIFS('資格研修記録'!$A$5:$A$1004,$A10,'資格研修記録'!$D$5:$D$1004,"小型船舶1級",'資格研修記録'!$F$5:$F$1004,">="&TODAY()))>0),"1級に含む",IF(COUNTIFS('資格研修記録'!$A$5:$A$1004,$A10,'資格研修記録'!$D$5:$D$1004,I$4)=0,"—",IF(COUNTIFS('資格研修記録'!$A$5:$A$1004,$A10,'資格研修記録'!$D$5:$D$1004,I$4,'資格研修記録'!$F$5:$F$1004,"")+COUNTIFS('資格研修記録'!$A$5:$A$1004,$A10,'資格研修記録'!$D$5:$D$1004,I$4,'資格研修記録'!$F$5:$F$1004,">="&TODAY())>0,"○","× 期限切れ")))) | J10: =IF(OR($A10="",J$4=""),"",IF(AND(J$4="小型船舶2級",(COUNTIFS('資格研修記録'!$A$5:$A$1004,$A10,'資格研修記録'!$D$5:$D$1004,"小型船舶1級",'資格研修記録'!$F$5:$F$1004,"")+COUNTIFS('資格研修記録'!$A$5:$A$1004,$A10,'資格研修記録'!$D$5:$D$1004,"小型船舶1級",'資格研修記録'!$F$5:$F$1004,">="&TODAY()))>0),"1級に含む",IF(COUNTIFS('資格研修記録'!$A$5:$A$1004,$A10,'資格研修記録'!$D$5:$D$1004,J$4)=0,"—",IF(COUNTIFS('資格研修記録'!$A$5:$A$1004,$A10,'資格研修記録'!$D$5:$D$1004,J$4,'資格研修記録'!$F$5:$F$1004,"")+COUNTIFS('資格研修記録'!$A$5:$A$1004,$A10,'資格研修記録'!$D$5:$D$1004,J$4,'資格研修記録'!$F$5:$F$1004,">="&TODAY())>0,"○","× 期限切れ")))) | K10: =IF(OR($A10="",K$4=""),"",IF(AND(K$4="小型船舶2級",(COUNTIFS('資格研修記録'!$A$5:$A$1004,$A10,'資格研修記録'!$D$5:$D$1004,"小型船舶1級",'資格研修記録'!$F$5:$F$1004,"")+COUNTIFS('資格研修記録'!$A$5:$A$1004,$A10,'資格研修記録'!$D$5:$D$1004,"小型船舶1級",'資格研修記録'!$F$5:$F$1004,">="&TODAY()))>0),"1級に含む",IF(COUNTIFS('資格研修記録'!$A$5:$A$1004,$A10,'資格研修記録'!$D$5:$D$1004,K$4)=0,"—",IF(COUNTIFS('資格研修記録'!$A$5:$A$1004,$A10,'資格研修記録'!$D$5:$D$1004,K$4,'資格研修記録'!$F$5:$F$1004,"")+COUNTIFS('資格研修記録'!$A$5:$A$1004,$A10,'資格研修記録'!$D$5:$D$1004,K$4,'資格研修記録'!$F$5:$F$1004,">="&TODAY())>0,"○","× 期限切れ")))) | L10: =IF(OR($A10="",L$4=""),"",IF(AND(L$4="小型船舶2級",(COUNTIFS('資格研修記録'!$A$5:$A$1004,$A10,'資格研修記録'!$D$5:$D$1004,"小型船舶1級",'資格研修記録'!$F$5:$F$1004,"")+COUNTIFS('資格研修記録'!$A$5:$A$1004,$A10,'資格研修記録'!$D$5:$D$1004,"小型船舶1級",'資格研修記録'!$F$5:$F$1004,">="&TODAY()))>0),"1級に含む",IF(COUNTIFS('資格研修記録'!$A$5:$A$1004,$A10,'資格研修記録'!$D$5:$D$1004,L$4)=0,"—",IF(COUNTIFS('資格研修記録'!$A$5:$A$1004,$A10,'資格研修記録'!$D$5:$D$1004,L$4,'資格研修記録'!$F$5:$F$1004,"")+COUNTIFS('資格研修記録'!$A$5:$A$1004,$A10,'資格研修記録'!$D$5:$D$1004,L$4,'資格研修記録'!$F$5:$F$1004,">="&TODAY())>0,"○","× 期限切れ"))))
A11: =IF('隊員マスタ'!A11="","",'隊員マスタ'!A11) | B11: =IF(A11="","",'隊員マスタ'!B11) | C11: =IF(A11="","",'隊員マスタ'!C11) | D11: =IF(A11="","",'隊員マスタ'!D11) | E11: =IF(OR($A11="",E$4=""),"",IF(AND(E$4="小型船舶2級",(COUNTIFS('資格研修記録'!$A$5:$A$1004,$A11,'資格研修記録'!$D$5:$D$1004,"小型船舶1級",'資格研修記録'!$F$5:$F$1004,"")+COUNTIFS('資格研修記録'!$A$5:$A$1004,$A11,'資格研修記録'!$D$5:$D$1004,"小型船舶1級",'資格研修記録'!$F$5:$F$1004,">="&TODAY()))>0),"1級に含む",IF(COUNTIFS('資格研修記録'!$A$5:$A$1004,$A11,'資格研修記録'!$D$5:$D$1004,E$4)=0,"—",IF(COUNTIFS('資格研修記録'!$A$5:$A$1004,$A11,'資格研修記録'!$D$5:$D$1004,E$4,'資格研修記録'!$F$5:$F$1004,"")+COUNTIFS('資格研修記録'!$A$5:$A$1004,$A11,'資格研修記録'!$D$5:$D$1004,E$4,'資格研修記録'!$F$5:$F$1004,">="&TODAY())>0,"○","× 期限切れ")))) | F11: =IF(OR($A11="",F$4=""),"",IF(AND(F$4="小型船舶2級",(COUNTIFS('資格研修記録'!$A$5:$A$1004,$A11,'資格研修記録'!$D$5:$D$1004,"小型船舶1級",'資格研修記録'!$F$5:$F$1004,"")+COUNTIFS('資格研修記録'!$A$5:$A$1004,$A11,'資格研修記録'!$D$5:$D$1004,"小型船舶1級",'資格研修記録'!$F$5:$F$1004,">="&TODAY()))>0),"1級に含む",IF(COUNTIFS('資格研修記録'!$A$5:$A$1004,$A11,'資格研修記録'!$D$5:$D$1004,F$4)=0,"—",IF(COUNTIFS('資格研修記録'!$A$5:$A$1004,$A11,'資格研修記録'!$D$5:$D$1004,F$4,'資格研修記録'!$F$5:$F$1004,"")+COUNTIFS('資格研修記録'!$A$5:$A$1004,$A11,'資格研修記録'!$D$5:$D$1004,F$4,'資格研修記録'!$F$5:$F$1004,">="&TODAY())>0,"○","× 期限切れ")))) | G11: =IF(OR($A11="",G$4=""),"",IF(AND(G$4="小型船舶2級",(COUNTIFS('資格研修記録'!$A$5:$A$1004,$A11,'資格研修記録'!$D$5:$D$1004,"小型船舶1級",'資格研修記録'!$F$5:$F$1004,"")+COUNTIFS('資格研修記録'!$A$5:$A$1004,$A11,'資格研修記録'!$D$5:$D$1004,"小型船舶1級",'資格研修記録'!$F$5:$F$1004,">="&TODAY()))>0),"1級に含む",IF(COUNTIFS('資格研修記録'!$A$5:$A$1004,$A11,'資格研修記録'!$D$5:$D$1004,G$4)=0,"—",IF(COUNTIFS('資格研修記録'!$A$5:$A$1004,$A11,'資格研修記録'!$D$5:$D$1004,G$4,'資格研修記録'!$F$5:$F$1004,"")+COUNTIFS('資格研修記録'!$A$5:$A$1004,$A11,'資格研修記録'!$D$5:$D$1004,G$4,'資格研修記録'!$F$5:$F$1004,">="&TODAY())>0,"○","× 期限切れ")))) | H11: =IF(OR($A11="",H$4=""),"",IF(AND(H$4="小型船舶2級",(COUNTIFS('資格研修記録'!$A$5:$A$1004,$A11,'資格研修記録'!$D$5:$D$1004,"小型船舶1級",'資格研修記録'!$F$5:$F$1004,"")+COUNTIFS('資格研修記録'!$A$5:$A$1004,$A11,'資格研修記録'!$D$5:$D$1004,"小型船舶1級",'資格研修記録'!$F$5:$F$1004,">="&TODAY()))>0),"1級に含む",IF(COUNTIFS('資格研修記録'!$A$5:$A$1004,$A11,'資格研修記録'!$D$5:$D$1004,H$4)=0,"—",IF(COUNTIFS('資格研修記録'!$A$5:$A$1004,$A11,'資格研修記録'!$D$5:$D$1004,H$4,'資格研修記録'!$F$5:$F$1004,"")+COUNTIFS('資格研修記録'!$A$5:$A$1004,$A11,'資格研修記録'!$D$5:$D$1004,H$4,'資格研修記録'!$F$5:$F$1004,">="&TODAY())>0,"○","× 期限切れ")))) | I11: =IF(OR($A11="",I$4=""),"",IF(AND(I$4="小型船舶2級",(COUNTIFS('資格研修記録'!$A$5:$A$1004,$A11,'資格研修記録'!$D$5:$D$1004,"小型船舶1級",'資格研修記録'!$F$5:$F$1004,"")+COUNTIFS('資格研修記録'!$A$5:$A$1004,$A11,'資格研修記録'!$D$5:$D$1004,"小型船舶1級",'資格研修記録'!$F$5:$F$1004,">="&TODAY()))>0),"1級に含む",IF(COUNTIFS('資格研修記録'!$A$5:$A$1004,$A11,'資格研修記録'!$D$5:$D$1004,I$4)=0,"—",IF(COUNTIFS('資格研修記録'!$A$5:$A$1004,$A11,'資格研修記録'!$D$5:$D$1004,I$4,'資格研修記録'!$F$5:$F$1004,"")+COUNTIFS('資格研修記録'!$A$5:$A$1004,$A11,'資格研修記録'!$D$5:$D$1004,I$4,'資格研修記録'!$F$5:$F$1004,">="&TODAY())>0,"○","× 期限切れ")))) | J11: =IF(OR($A11="",J$4=""),"",IF(AND(J$4="小型船舶2級",(COUNTIFS('資格研修記録'!$A$5:$A$1004,$A11,'資格研修記録'!$D$5:$D$1004,"小型船舶1級",'資格研修記録'!$F$5:$F$1004,"")+COUNTIFS('資格研修記録'!$A$5:$A$1004,$A11,'資格研修記録'!$D$5:$D$1004,"小型船舶1級",'資格研修記録'!$F$5:$F$1004,">="&TODAY()))>0),"1級に含む",IF(COUNTIFS('資格研修記録'!$A$5:$A$1004,$A11,'資格研修記録'!$D$5:$D$1004,J$4)=0,"—",IF(COUNTIFS('資格研修記録'!$A$5:$A$1004,$A11,'資格研修記録'!$D$5:$D$1004,J$4,'資格研修記録'!$F$5:$F$1004,"")+COUNTIFS('資格研修記録'!$A$5:$A$1004,$A11,'資格研修記録'!$D$5:$D$1004,J$4,'資格研修記録'!$F$5:$F$1004,">="&TODAY())>0,"○","× 期限切れ")))) | K11: =IF(OR($A11="",K$4=""),"",IF(AND(K$4="小型船舶2級",(COUNTIFS('資格研修記録'!$A$5:$A$1004,$A11,'資格研修記録'!$D$5:$D$1004,"小型船舶1級",'資格研修記録'!$F$5:$F$1004,"")+COUNTIFS('資格研修記録'!$A$5:$A$1004,$A11,'資格研修記録'!$D$5:$D$1004,"小型船舶1級",'資格研修記録'!$F$5:$F$1004,">="&TODAY()))>0),"1級に含む",IF(COUNTIFS('資格研修記録'!$A$5:$A$1004,$A11,'資格研修記録'!$D$5:$D$1004,K$4)=0,"—",IF(COUNTIFS('資格研修記録'!$A$5:$A$1004,$A11,'資格研修記録'!$D$5:$D$1004,K$4,'資格研修記録'!$F$5:$F$1004,"")+COUNTIFS('資格研修記録'!$A$5:$A$1004,$A11,'資格研修記録'!$D$5:$D$1004,K$4,'資格研修記録'!$F$5:$F$1004,">="&TODAY())>0,"○","× 期限切れ")))) | L11: =IF(OR($A11="",L$4=""),"",IF(AND(L$4="小型船舶2級",(COUNTIFS('資格研修記録'!$A$5:$A$1004,$A11,'資格研修記録'!$D$5:$D$1004,"小型船舶1級",'資格研修記録'!$F$5:$F$1004,"")+COUNTIFS('資格研修記録'!$A$5:$A$1004,$A11,'資格研修記録'!$D$5:$D$1004,"小型船舶1級",'資格研修記録'!$F$5:$F$1004,">="&TODAY()))>0),"1級に含む",IF(COUNTIFS('資格研修記録'!$A$5:$A$1004,$A11,'資格研修記録'!$D$5:$D$1004,L$4)=0,"—",IF(COUNTIFS('資格研修記録'!$A$5:$A$1004,$A11,'資格研修記録'!$D$5:$D$1004,L$4,'資格研修記録'!$F$5:$F$1004,"")+COUNTIFS('資格研修記録'!$A$5:$A$1004,$A11,'資格研修記録'!$D$5:$D$1004,L$4,'資格研修記録'!$F$5:$F$1004,">="&TODAY())>0,"○","× 期限切れ"))))
A12: =IF('隊員マスタ'!A12="","",'隊員マスタ'!A12) | B12: =IF(A12="","",'隊員マスタ'!B12) | C12: =IF(A12="","",'隊員マスタ'!C12) | D12: =IF(A12="","",'隊員マスタ'!D12) | E12: =IF(OR($A12="",E$4=""),"",IF(AND(E$4="小型船舶2級",(COUNTIFS('資格研修記録'!$A$5:$A$1004,$A12,'資格研修記録'!$D$5:$D$1004,"小型船舶1級",'資格研修記録'!$F$5:$F$1004,"")+COUNTIFS('資格研修記録'!$A$5:$A$1004,$A12,'資格研修記録'!$D$5:$D$1004,"小型船舶1級",'資格研修記録'!$F$5:$F$1004,">="&TODAY()))>0),"1級に含む",IF(COUNTIFS('資格研修記録'!$A$5:$A$1004,$A12,'資格研修記録'!$D$5:$D$1004,E$4)=0,"—",IF(COUNTIFS('資格研修記録'!$A$5:$A$1004,$A12,'資格研修記録'!$D$5:$D$1004,E$4,'資格研修記録'!$F$5:$F$1004,"")+COUNTIFS('資格研修記録'!$A$5:$A$1004,$A12,'資格研修記録'!$D$5:$D$1004,E$4,'資格研修記録'!$F$5:$F$1004,">="&TODAY())>0,"○","× 期限切れ")))) | F12: =IF(OR($A12="",F$4=""),"",IF(AND(F$4="小型船舶2級",(COUNTIFS('資格研修記録'!$A$5:$A$1004,$A12,'資格研修記録'!$D$5:$D$1004,"小型船舶1級",'資格研修記録'!$F$5:$F$1004,"")+COUNTIFS('資格研修記録'!$A$5:$A$1004,$A12,'資格研修記録'!$D$5:$D$1004,"小型船舶1級",'資格研修記録'!$F$5:$F$1004,">="&TODAY()))>0),"1級に含む",IF(COUNTIFS('資格研修記録'!$A$5:$A$1004,$A12,'資格研修記録'!$D$5:$D$1004,F$4)=0,"—",IF(COUNTIFS('資格研修記録'!$A$5:$A$1004,$A12,'資格研修記録'!$D$5:$D$1004,F$4,'資格研修記録'!$F$5:$F$1004,"")+COUNTIFS('資格研修記録'!$A$5:$A$1004,$A12,'資格研修記録'!$D$5:$D$1004,F$4,'資格研修記録'!$F$5:$F$1004,">="&TODAY())>0,"○","× 期限切れ")))) | G12: =IF(OR($A12="",G$4=""),"",IF(AND(G$4="小型船舶2級",(COUNTIFS('資格研修記録'!$A$5:$A$1004,$A12,'資格研修記録'!$D$5:$D$1004,"小型船舶1級",'資格研修記録'!$F$5:$F$1004,"")+COUNTIFS('資格研修記録'!$A$5:$A$1004,$A12,'資格研修記録'!$D$5:$D$1004,"小型船舶1級",'資格研修記録'!$F$5:$F$1004,">="&TODAY()))>0),"1級に含む",IF(COUNTIFS('資格研修記録'!$A$5:$A$1004,$A12,'資格研修記録'!$D$5:$D$1004,G$4)=0,"—",IF(COUNTIFS('資格研修記録'!$A$5:$A$1004,$A12,'資格研修記録'!$D$5:$D$1004,G$4,'資格研修記録'!$F$5:$F$1004,"")+COUNTIFS('資格研修記録'!$A$5:$A$1004,$A12,'資格研修記録'!$D$5:$D$1004,G$4,'資格研修記録'!$F$5:$F$1004,">="&TODAY())>0,"○","× 期限切れ")))) | H12: =IF(OR($A12="",H$4=""),"",IF(AND(H$4="小型船舶2級",(COUNTIFS('資格研修記録'!$A$5:$A$1004,$A12,'資格研修記録'!$D$5:$D$1004,"小型船舶1級",'資格研修記録'!$F$5:$F$1004,"")+COUNTIFS('資格研修記録'!$A$5:$A$1004,$A12,'資格研修記録'!$D$5:$D$1004,"小型船舶1級",'資格研修記録'!$F$5:$F$1004,">="&TODAY()))>0),"1級に含む",IF(COUNTIFS('資格研修記録'!$A$5:$A$1004,$A12,'資格研修記録'!$D$5:$D$1004,H$4)=0,"—",IF(COUNTIFS('資格研修記録'!$A$5:$A$1004,$A12,'資格研修記録'!$D$5:$D$1004,H$4,'資格研修記録'!$F$5:$F$1004,"")+COUNTIFS('資格研修記録'!$A$5:$A$1004,$A12,'資格研修記録'!$D$5:$D$1004,H$4,'資格研修記録'!$F$5:$F$1004,">="&TODAY())>0,"○","× 期限切れ")))) | I12: =IF(OR($A12="",I$4=""),"",IF(AND(I$4="小型船舶2級",(COUNTIFS('資格研修記録'!$A$5:$A$1004,$A12,'資格研修記録'!$D$5:$D$1004,"小型船舶1級",'資格研修記録'!$F$5:$F$1004,"")+COUNTIFS('資格研修記録'!$A$5:$A$1004,$A12,'資格研修記録'!$D$5:$D$1004,"小型船舶1級",'資格研修記録'!$F$5:$F$1004,">="&TODAY()))>0),"1級に含む",IF(COUNTIFS('資格研修記録'!$A$5:$A$1004,$A12,'資格研修記録'!$D$5:$D$1004,I$4)=0,"—",IF(COUNTIFS('資格研修記録'!$A$5:$A$1004,$A12,'資格研修記録'!$D$5:$D$1004,I$4,'資格研修記録'!$F$5:$F$1004,"")+COUNTIFS('資格研修記録'!$A$5:$A$1004,$A12,'資格研修記録'!$D$5:$D$1004,I$4,'資格研修記録'!$F$5:$F$1004,">="&TODAY())>0,"○","× 期限切れ")))) | J12: =IF(OR($A12="",J$4=""),"",IF(AND(J$4="小型船舶2級",(COUNTIFS('資格研修記録'!$A$5:$A$1004,$A12,'資格研修記録'!$D$5:$D$1004,"小型船舶1級",'資格研修記録'!$F$5:$F$1004,"")+COUNTIFS('資格研修記録'!$A$5:$A$1004,$A12,'資格研修記録'!$D$5:$D$1004,"小型船舶1級",'資格研修記録'!$F$5:$F$1004,">="&TODAY()))>0),"1級に含む",IF(COUNTIFS('資格研修記録'!$A$5:$A$1004,$A12,'資格研修記録'!$D$5:$D$1004,J$4)=0,"—",IF(COUNTIFS('資格研修記録'!$A$5:$A$1004,$A12,'資格研修記録'!$D$5:$D$1004,J$4,'資格研修記録'!$F$5:$F$1004,"")+COUNTIFS('資格研修記録'!$A$5:$A$1004,$A12,'資格研修記録'!$D$5:$D$1004,J$4,'資格研修記録'!$F$5:$F$1004,">="&TODAY())>0,"○","× 期限切れ")))) | K12: =IF(OR($A12="",K$4=""),"",IF(AND(K$4="小型船舶2級",(COUNTIFS('資格研修記録'!$A$5:$A$1004,$A12,'資格研修記録'!$D$5:$D$1004,"小型船舶1級",'資格研修記録'!$F$5:$F$1004,"")+COUNTIFS('資格研修記録'!$A$5:$A$1004,$A12,'資格研修記録'!$D$5:$D$1004,"小型船舶1級",'資格研修記録'!$F$5:$F$1004,">="&TODAY()))>0),"1級に含む",IF(COUNTIFS('資格研修記録'!$A$5:$A$1004,$A12,'資格研修記録'!$D$5:$D$1004,K$4)=0,"—",IF(COUNTIFS('資格研修記録'!$A$5:$A$1004,$A12,'資格研修記録'!$D$5:$D$1004,K$4,'資格研修記録'!$F$5:$F$1004,"")+COUNTIFS('資格研修記録'!$A$5:$A$1004,$A12,'資格研修記録'!$D$5:$D$1004,K$4,'資格研修記録'!$F$5:$F$1004,">="&TODAY())>0,"○","× 期限切れ")))) | L12: =IF(OR($A12="",L$4=""),"",IF(AND(L$4="小型船舶2級",(COUNTIFS('資格研修記録'!$A$5:$A$1004,$A12,'資格研修記録'!$D$5:$D$1004,"小型船舶1級",'資格研修記録'!$F$5:$F$1004,"")+COUNTIFS('資格研修記録'!$A$5:$A$1004,$A12,'資格研修記録'!$D$5:$D$1004,"小型船舶1級",'資格研修記録'!$F$5:$F$1004,">="&TODAY()))>0),"1級に含む",IF(COUNTIFS('資格研修記録'!$A$5:$A$1004,$A12,'資格研修記録'!$D$5:$D$1004,L$4)=0,"—",IF(COUNTIFS('資格研修記録'!$A$5:$A$1004,$A12,'資格研修記録'!$D$5:$D$1004,L$4,'資格研修記録'!$F$5:$F$1004,"")+COUNTIFS('資格研修記録'!$A$5:$A$1004,$A12,'資格研修記録'!$D$5:$D$1004,L$4,'資格研修記録'!$F$5:$F$1004,">="&TODAY())>0,"○","× 期限切れ"))))
A13: =IF('隊員マスタ'!A13="","",'隊員マスタ'!A13) | B13: =IF(A13="","",'隊員マスタ'!B13) | C13: =IF(A13="","",'隊員マスタ'!C13) | D13: =IF(A13="","",'隊員マスタ'!D13) | E13: =IF(OR($A13="",E$4=""),"",IF(AND(E$4="小型船舶2級",(COUNTIFS('資格研修記録'!$A$5:$A$1004,$A13,'資格研修記録'!$D$5:$D$1004,"小型船舶1級",'資格研修記録'!$F$5:$F$1004,"")+COUNTIFS('資格研修記録'!$A$5:$A$1004,$A13,'資格研修記録'!$D$5:$D$1004,"小型船舶1級",'資格研修記録'!$F$5:$F$1004,">="&TODAY()))>0),"1級に含む",IF(COUNTIFS('資格研修記録'!$A$5:$A$1004,$A13,'資格研修記録'!$D$5:$D$1004,E$4)=0,"—",IF(COUNTIFS('資格研修記録'!$A$5:$A$1004,$A13,'資格研修記録'!$D$5:$D$1004,E$4,'資格研修記録'!$F$5:$F$1004,"")+COUNTIFS('資格研修記録'!$A$5:$A$1004,$A13,'資格研修記録'!$D$5:$D$1004,E$4,'資格研修記録'!$F$5:$F$1004,">="&TODAY())>0,"○","× 期限切れ")))) | F13: =IF(OR($A13="",F$4=""),"",IF(AND(F$4="小型船舶2級",(COUNTIFS('資格研修記録'!$A$5:$A$1004,$A13,'資格研修記録'!$D$5:$D$1004,"小型船舶1級",'資格研修記録'!$F$5:$F$1004,"")+COUNTIFS('資格研修記録'!$A$5:$A$1004,$A13,'資格研修記録'!$D$5:$D$1004,"小型船舶1級",'資格研修記録'!$F$5:$F$1004,">="&TODAY()))>0),"1級に含む",IF(COUNTIFS('資格研修記録'!$A$5:$A$1004,$A13,'資格研修記録'!$D$5:$D$1004,F$4)=0,"—",IF(COUNTIFS('資格研修記録'!$A$5:$A$1004,$A13,'資格研修記録'!$D$5:$D$1004,F$4,'資格研修記録'!$F$5:$F$1004,"")+COUNTIFS('資格研修記録'!$A$5:$A$1004,$A13,'資格研修記録'!$D$5:$D$1004,F$4,'資格研修記録'!$F$5:$F$1004,">="&TODAY())>0,"○","× 期限切れ")))) | G13: =IF(OR($A13="",G$4=""),"",IF(AND(G$4="小型船舶2級",(COUNTIFS('資格研修記録'!$A$5:$A$1004,$A13,'資格研修記録'!$D$5:$D$1004,"小型船舶1級",'資格研修記録'!$F$5:$F$1004,"")+COUNTIFS('資格研修記録'!$A$5:$A$1004,$A13,'資格研修記録'!$D$5:$D$1004,"小型船舶1級",'資格研修記録'!$F$5:$F$1004,">="&TODAY()))>0),"1級に含む",IF(COUNTIFS('資格研修記録'!$A$5:$A$1004,$A13,'資格研修記録'!$D$5:$D$1004,G$4)=0,"—",IF(COUNTIFS('資格研修記録'!$A$5:$A$1004,$A13,'資格研修記録'!$D$5:$D$1004,G$4,'資格研修記録'!$F$5:$F$1004,"")+COUNTIFS('資格研修記録'!$A$5:$A$1004,$A13,'資格研修記録'!$D$5:$D$1004,G$4,'資格研修記録'!$F$5:$F$1004,">="&TODAY())>0,"○","× 期限切れ")))) | H13: =IF(OR($A13="",H$4=""),"",IF(AND(H$4="小型船舶2級",(COUNTIFS('資格研修記録'!$A$5:$A$1004,$A13,'資格研修記録'!$D$5:$D$1004,"小型船舶1級",'資格研修記録'!$F$5:$F$1004,"")+COUNTIFS('資格研修記録'!$A$5:$A$1004,$A13,'資格研修記録'!$D$5:$D$1004,"小型船舶1級",'資格研修記録'!$F$5:$F$1004,">="&TODAY()))>0),"1級に含む",IF(COUNTIFS('資格研修記録'!$A$5:$A$1004,$A13,'資格研修記録'!$D$5:$D$1004,H$4)=0,"—",IF(COUNTIFS('資格研修記録'!$A$5:$A$1004,$A13,'資格研修記録'!$D$5:$D$1004,H$4,'資格研修記録'!$F$5:$F$1004,"")+COUNTIFS('資格研修記録'!$A$5:$A$1004,$A13,'資格研修記録'!$D$5:$D$1004,H$4,'資格研修記録'!$F$5:$F$1004,">="&TODAY())>0,"○","× 期限切れ")))) | I13: =IF(OR($A13="",I$4=""),"",IF(AND(I$4="小型船舶2級",(COUNTIFS('資格研修記録'!$A$5:$A$1004,$A13,'資格研修記録'!$D$5:$D$1004,"小型船舶1級",'資格研修記録'!$F$5:$F$1004,"")+COUNTIFS('資格研修記録'!$A$5:$A$1004,$A13,'資格研修記録'!$D$5:$D$1004,"小型船舶1級",'資格研修記録'!$F$5:$F$1004,">="&TODAY()))>0),"1級に含む",IF(COUNTIFS('資格研修記録'!$A$5:$A$1004,$A13,'資格研修記録'!$D$5:$D$1004,I$4)=0,"—",IF(COUNTIFS('資格研修記録'!$A$5:$A$1004,$A13,'資格研修記録'!$D$5:$D$1004,I$4,'資格研修記録'!$F$5:$F$1004,"")+COUNTIFS('資格研修記録'!$A$5:$A$1004,$A13,'資格研修記録'!$D$5:$D$1004,I$4,'資格研修記録'!$F$5:$F$1004,">="&TODAY())>0,"○","× 期限切れ")))) | J13: =IF(OR($A13="",J$4=""),"",IF(AND(J$4="小型船舶2級",(COUNTIFS('資格研修記録'!$A$5:$A$1004,$A13,'資格研修記録'!$D$5:$D$1004,"小型船舶1級",'資格研修記録'!$F$5:$F$1004,"")+COUNTIFS('資格研修記録'!$A$5:$A$1004,$A13,'資格研修記録'!$D$5:$D$1004,"小型船舶1級",'資格研修記録'!$F$5:$F$1004,">="&TODAY()))>0),"1級に含む",IF(COUNTIFS('資格研修記録'!$A$5:$A$1004,$A13,'資格研修記録'!$D$5:$D$1004,J$4)=0,"—",IF(COUNTIFS('資格研修記録'!$A$5:$A$1004,$A13,'資格研修記録'!$D$5:$D$1004,J$4,'資格研修記録'!$F$5:$F$1004,"")+COUNTIFS('資格研修記録'!$A$5:$A$1004,$A13,'資格研修記録'!$D$5:$D$1004,J$4,'資格研修記録'!$F$5:$F$1004,">="&TODAY())>0,"○","× 期限切れ")))) | K13: =IF(OR($A13="",K$4=""),"",IF(AND(K$4="小型船舶2級",(COUNTIFS('資格研修記録'!$A$5:$A$1004,$A13,'資格研修記録'!$D$5:$D$1004,"小型船舶1級",'資格研修記録'!$F$5:$F$1004,"")+COUNTIFS('資格研修記録'!$A$5:$A$1004,$A13,'資格研修記録'!$D$5:$D$1004,"小型船舶1級",'資格研修記録'!$F$5:$F$1004,">="&TODAY()))>0),"1級に含む",IF(COUNTIFS('資格研修記録'!$A$5:$A$1004,$A13,'資格研修記録'!$D$5:$D$1004,K$4)=0,"—",IF(COUNTIFS('資格研修記録'!$A$5:$A$1004,$A13,'資格研修記録'!$D$5:$D$1004,K$4,'資格研修記録'!$F$5:$F$1004,"")+COUNTIFS('資格研修記録'!$A$5:$A$1004,$A13,'資格研修記録'!$D$5:$D$1004,K$4,'資格研修記録'!$F$5:$F$1004,">="&TODAY())>0,"○","× 期限切れ")))) | L13: =IF(OR($A13="",L$4=""),"",IF(AND(L$4="小型船舶2級",(COUNTIFS('資格研修記録'!$A$5:$A$1004,$A13,'資格研修記録'!$D$5:$D$1004,"小型船舶1級",'資格研修記録'!$F$5:$F$1004,"")+COUNTIFS('資格研修記録'!$A$5:$A$1004,$A13,'資格研修記録'!$D$5:$D$1004,"小型船舶1級",'資格研修記録'!$F$5:$F$1004,">="&TODAY()))>0),"1級に含む",IF(COUNTIFS('資格研修記録'!$A$5:$A$1004,$A13,'資格研修記録'!$D$5:$D$1004,L$4)=0,"—",IF(COUNTIFS('資格研修記録'!$A$5:$A$1004,$A13,'資格研修記録'!$D$5:$D$1004,L$4,'資格研修記録'!$F$5:$F$1004,"")+COUNTIFS('資格研修記録'!$A$5:$A$1004,$A13,'資格研修記録'!$D$5:$D$1004,L$4,'資格研修記録'!$F$5:$F$1004,">="&TODAY())>0,"○","× 期限切れ"))))
A14: =IF('隊員マスタ'!A14="","",'隊員マスタ'!A14) | B14: =IF(A14="","",'隊員マスタ'!B14) | C14: =IF(A14="","",'隊員マスタ'!C14) | D14: =IF(A14="","",'隊員マスタ'!D14) | E14: =IF(OR($A14="",E$4=""),"",IF(AND(E$4="小型船舶2級",(COUNTIFS('資格研修記録'!$A$5:$A$1004,$A14,'資格研修記録'!$D$5:$D$1004,"小型船舶1級",'資格研修記録'!$F$5:$F$1004,"")+COUNTIFS('資格研修記録'!$A$5:$A$1004,$A14,'資格研修記録'!$D$5:$D$1004,"小型船舶1級",'資格研修記録'!$F$5:$F$1004,">="&TODAY()))>0),"1級に含む",IF(COUNTIFS('資格研修記録'!$A$5:$A$1004,$A14,'資格研修記録'!$D$5:$D$1004,E$4)=0,"—",IF(COUNTIFS('資格研修記録'!$A$5:$A$1004,$A14,'資格研修記録'!$D$5:$D$1004,E$4,'資格研修記録'!$F$5:$F$1004,"")+COUNTIFS('資格研修記録'!$A$5:$A$1004,$A14,'資格研修記録'!$D$5:$D$1004,E$4,'資格研修記録'!$F$5:$F$1004,">="&TODAY())>0,"○","× 期限切れ")))) | F14: =IF(OR($A14="",F$4=""),"",IF(AND(F$4="小型船舶2級",(COUNTIFS('資格研修記録'!$A$5:$A$1004,$A14,'資格研修記録'!$D$5:$D$1004,"小型船舶1級",'資格研修記録'!$F$5:$F$1004,"")+COUNTIFS('資格研修記録'!$A$5:$A$1004,$A14,'資格研修記録'!$D$5:$D$1004,"小型船舶1級",'資格研修記録'!$F$5:$F$1004,">="&TODAY()))>0),"1級に含む",IF(COUNTIFS('資格研修記録'!$A$5:$A$1004,$A14,'資格研修記録'!$D$5:$D$1004,F$4)=0,"—",IF(COUNTIFS('資格研修記録'!$A$5:$A$1004,$A14,'資格研修記録'!$D$5:$D$1004,F$4,'資格研修記録'!$F$5:$F$1004,"")+COUNTIFS('資格研修記録'!$A$5:$A$1004,$A14,'資格研修記録'!$D$5:$D$1004,F$4,'資格研修記録'!$F$5:$F$1004,">="&TODAY())>0,"○","× 期限切れ")))) | G14: =IF(OR($A14="",G$4=""),"",IF(AND(G$4="小型船舶2級",(COUNTIFS('資格研修記録'!$A$5:$A$1004,$A14,'資格研修記録'!$D$5:$D$1004,"小型船舶1級",'資格研修記録'!$F$5:$F$1004,"")+COUNTIFS('資格研修記録'!$A$5:$A$1004,$A14,'資格研修記録'!$D$5:$D$1004,"小型船舶1級",'資格研修記録'!$F$5:$F$1004,">="&TODAY()))>0),"1級に含む",IF(COUNTIFS('資格研修記録'!$A$5:$A$1004,$A14,'資格研修記録'!$D$5:$D$1004,G$4)=0,"—",IF(COUNTIFS('資格研修記録'!$A$5:$A$1004,$A14,'資格研修記録'!$D$5:$D$1004,G$4,'資格研修記録'!$F$5:$F$1004,"")+COUNTIFS('資格研修記録'!$A$5:$A$1004,$A14,'資格研修記録'!$D$5:$D$1004,G$4,'資格研修記録'!$F$5:$F$1004,">="&TODAY())>0,"○","× 期限切れ")))) | H14: =IF(OR($A14="",H$4=""),"",IF(AND(H$4="小型船舶2級",(COUNTIFS('資格研修記録'!$A$5:$A$1004,$A14,'資格研修記録'!$D$5:$D$1004,"小型船舶1級",'資格研修記録'!$F$5:$F$1004,"")+COUNTIFS('資格研修記録'!$A$5:$A$1004,$A14,'資格研修記録'!$D$5:$D$1004,"小型船舶1級",'資格研修記録'!$F$5:$F$1004,">="&TODAY()))>0),"1級に含む",IF(COUNTIFS('資格研修記録'!$A$5:$A$1004,$A14,'資格研修記録'!$D$5:$D$1004,H$4)=0,"—",IF(COUNTIFS('資格研修記録'!$A$5:$A$1004,$A14,'資格研修記録'!$D$5:$D$1004,H$4,'資格研修記録'!$F$5:$F$1004,"")+COUNTIFS('資格研修記録'!$A$5:$A$1004,$A14,'資格研修記録'!$D$5:$D$1004,H$4,'資格研修記録'!$F$5:$F$1004,">="&TODAY())>0,"○","× 期限切れ")))) | I14: =IF(OR($A14="",I$4=""),"",IF(AND(I$4="小型船舶2級",(COUNTIFS('資格研修記録'!$A$5:$A$1004,$A14,'資格研修記録'!$D$5:$D$1004,"小型船舶1級",'資格研修記録'!$F$5:$F$1004,"")+COUNTIFS('資格研修記録'!$A$5:$A$1004,$A14,'資格研修記録'!$D$5:$D$1004,"小型船舶1級",'資格研修記録'!$F$5:$F$1004,">="&TODAY()))>0),"1級に含む",IF(COUNTIFS('資格研修記録'!$A$5:$A$1004,$A14,'資格研修記録'!$D$5:$D$1004,I$4)=0,"—",IF(COUNTIFS('資格研修記録'!$A$5:$A$1004,$A14,'資格研修記録'!$D$5:$D$1004,I$4,'資格研修記録'!$F$5:$F$1004,"")+COUNTIFS('資格研修記録'!$A$5:$A$1004,$A14,'資格研修記録'!$D$5:$D$1004,I$4,'資格研修記録'!$F$5:$F$1004,">="&TODAY())>0,"○","× 期限切れ")))) | J14: =IF(OR($A14="",J$4=""),"",IF(AND(J$4="小型船舶2級",(COUNTIFS('資格研修記録'!$A$5:$A$1004,$A14,'資格研修記録'!$D$5:$D$1004,"小型船舶1級",'資格研修記録'!$F$5:$F$1004,"")+COUNTIFS('資格研修記録'!$A$5:$A$1004,$A14,'資格研修記録'!$D$5:$D$1004,"小型船舶1級",'資格研修記録'!$F$5:$F$1004,">="&TODAY()))>0),"1級に含む",IF(COUNTIFS('資格研修記録'!$A$5:$A$1004,$A14,'資格研修記録'!$D$5:$D$1004,J$4)=0,"—",IF(COUNTIFS('資格研修記録'!$A$5:$A$1004,$A14,'資格研修記録'!$D$5:$D$1004,J$4,'資格研修記録'!$F$5:$F$1004,"")+COUNTIFS('資格研修記録'!$A$5:$A$1004,$A14,'資格研修記録'!$D$5:$D$1004,J$4,'資格研修記録'!$F$5:$F$1004,">="&TODAY())>0,"○","× 期限切れ")))) | K14: =IF(OR($A14="",K$4=""),"",IF(AND(K$4="小型船舶2級",(COUNTIFS('資格研修記録'!$A$5:$A$1004,$A14,'資格研修記録'!$D$5:$D$1004,"小型船舶1級",'資格研修記録'!$F$5:$F$1004,"")+COUNTIFS('資格研修記録'!$A$5:$A$1004,$A14,'資格研修記録'!$D$5:$D$1004,"小型船舶1級",'資格研修記録'!$F$5:$F$1004,">="&TODAY()))>0),"1級に含む",IF(COUNTIFS('資格研修記録'!$A$5:$A$1004,$A14,'資格研修記録'!$D$5:$D$1004,K$4)=0,"—",IF(COUNTIFS('資格研修記録'!$A$5:$A$1004,$A14,'資格研修記録'!$D$5:$D$1004,K$4,'資格研修記録'!$F$5:$F$1004,"")+COUNTIFS('資格研修記録'!$A$5:$A$1004,$A14,'資格研修記録'!$D$5:$D$1004,K$4,'資格研修記録'!$F$5:$F$1004,">="&TODAY())>0,"○","× 期限切れ")))) | L14: =IF(OR($A14="",L$4=""),"",IF(AND(L$4="小型船舶2級",(COUNTIFS('資格研修記録'!$A$5:$A$1004,$A14,'資格研修記録'!$D$5:$D$1004,"小型船舶1級",'資格研修記録'!$F$5:$F$1004,"")+COUNTIFS('資格研修記録'!$A$5:$A$1004,$A14,'資格研修記録'!$D$5:$D$1004,"小型船舶1級",'資格研修記録'!$F$5:$F$1004,">="&TODAY()))>0),"1級に含む",IF(COUNTIFS('資格研修記録'!$A$5:$A$1004,$A14,'資格研修記録'!$D$5:$D$1004,L$4)=0,"—",IF(COUNTIFS('資格研修記録'!$A$5:$A$1004,$A14,'資格研修記録'!$D$5:$D$1004,L$4,'資格研修記録'!$F$5:$F$1004,"")+COUNTIFS('資格研修記録'!$A$5:$A$1004,$A14,'資格研修記録'!$D$5:$D$1004,L$4,'資格研修記録'!$F$5:$F$1004,">="&TODAY())>0,"○","× 期限切れ"))))
A15: =IF('隊員マスタ'!A15="","",'隊員マスタ'!A15) | B15: =IF(A15="","",'隊員マスタ'!B15) | C15: =IF(A15="","",'隊員マスタ'!C15) | D15: =IF(A15="","",'隊員マスタ'!D15) | E15: =IF(OR($A15="",E$4=""),"",IF(AND(E$4="小型船舶2級",(COUNTIFS('資格研修記録'!$A$5:$A$1004,$A15,'資格研修記録'!$D$5:$D$1004,"小型船舶1級",'資格研修記録'!$F$5:$F$1004,"")+COUNTIFS('資格研修記録'!$A$5:$A$1004,$A15,'資格研修記録'!$D$5:$D$1004,"小型船舶1級",'資格研修記録'!$F$5:$F$1004,">="&TODAY()))>0),"1級に含む",IF(COUNTIFS('資格研修記録'!$A$5:$A$1004,$A15,'資格研修記録'!$D$5:$D$1004,E$4)=0,"—",IF(COUNTIFS('資格研修記録'!$A$5:$A$1004,$A15,'資格研修記録'!$D$5:$D$1004,E$4,'資格研修記録'!$F$5:$F$1004,"")+COUNTIFS('資格研修記録'!$A$5:$A$1004,$A15,'資格研修記録'!$D$5:$D$1004,E$4,'資格研修記録'!$F$5:$F$1004,">="&TODAY())>0,"○","× 期限切れ")))) | F15: =IF(OR($A15="",F$4=""),"",IF(AND(F$4="小型船舶2級",(COUNTIFS('資格研修記録'!$A$5:$A$1004,$A15,'資格研修記録'!$D$5:$D$1004,"小型船舶1級",'資格研修記録'!$F$5:$F$1004,"")+COUNTIFS('資格研修記録'!$A$5:$A$1004,$A15,'資格研修記録'!$D$5:$D$1004,"小型船舶1級",'資格研修記録'!$F$5:$F$1004,">="&TODAY()))>0),"1級に含む",IF(COUNTIFS('資格研修記録'!$A$5:$A$1004,$A15,'資格研修記録'!$D$5:$D$1004,F$4)=0,"—",IF(COUNTIFS('資格研修記録'!$A$5:$A$1004,$A15,'資格研修記録'!$D$5:$D$1004,F$4,'資格研修記録'!$F$5:$F$1004,"")+COUNTIFS('資格研修記録'!$A$5:$A$1004,$A15,'資格研修記録'!$D$5:$D$1004,F$4,'資格研修記録'!$F$5:$F$1004,">="&TODAY())>0,"○","× 期限切れ")))) | G15: =IF(OR($A15="",G$4=""),"",IF(AND(G$4="小型船舶2級",(COUNTIFS('資格研修記録'!$A$5:$A$1004,$A15,'資格研修記録'!$D$5:$D$1004,"小型船舶1級",'資格研修記録'!$F$5:$F$1004,"")+COUNTIFS('資格研修記録'!$A$5:$A$1004,$A15,'資格研修記録'!$D$5:$D$1004,"小型船舶1級",'資格研修記録'!$F$5:$F$1004,">="&TODAY()))>0),"1級に含む",IF(COUNTIFS('資格研修記録'!$A$5:$A$1004,$A15,'資格研修記録'!$D$5:$D$1004,G$4)=0,"—",IF(COUNTIFS('資格研修記録'!$A$5:$A$1004,$A15,'資格研修記録'!$D$5:$D$1004,G$4,'資格研修記録'!$F$5:$F$1004,"")+COUNTIFS('資格研修記録'!$A$5:$A$1004,$A15,'資格研修記録'!$D$5:$D$1004,G$4,'資格研修記録'!$F$5:$F$1004,">="&TODAY())>0,"○","× 期限切れ")))) | H15: =IF(OR($A15="",H$4=""),"",IF(AND(H$4="小型船舶2級",(COUNTIFS('資格研修記録'!$A$5:$A$1004,$A15,'資格研修記録'!$D$5:$D$1004,"小型船舶1級",'資格研修記録'!$F$5:$F$1004,"")+COUNTIFS('資格研修記録'!$A$5:$A$1004,$A15,'資格研修記録'!$D$5:$D$1004,"小型船舶1級",'資格研修記録'!$F$5:$F$1004,">="&TODAY()))>0),"1級に含む",IF(COUNTIFS('資格研修記録'!$A$5:$A$1004,$A15,'資格研修記録'!$D$5:$D$1004,H$4)=0,"—",IF(COUNTIFS('資格研修記録'!$A$5:$A$1004,$A15,'資格研修記録'!$D$5:$D$1004,H$4,'資格研修記録'!$F$5:$F$1004,"")+COUNTIFS('資格研修記録'!$A$5:$A$1004,$A15,'資格研修記録'!$D$5:$D$1004,H$4,'資格研修記録'!$F$5:$F$1004,">="&TODAY())>0,"○","× 期限切れ")))) | I15: =IF(OR($A15="",I$4=""),"",IF(AND(I$4="小型船舶2級",(COUNTIFS('資格研修記録'!$A$5:$A$1004,$A15,'資格研修記録'!$D$5:$D$1004,"小型船舶1級",'資格研修記録'!$F$5:$F$1004,"")+COUNTIFS('資格研修記録'!$A$5:$A$1004,$A15,'資格研修記録'!$D$5:$D$1004,"小型船舶1級",'資格研修記録'!$F$5:$F$1004,">="&TODAY()))>0),"1級に含む",IF(COUNTIFS('資格研修記録'!$A$5:$A$1004,$A15,'資格研修記録'!$D$5:$D$1004,I$4)=0,"—",IF(COUNTIFS('資格研修記録'!$A$5:$A$1004,$A15,'資格研修記録'!$D$5:$D$1004,I$4,'資格研修記録'!$F$5:$F$1004,"")+COUNTIFS('資格研修記録'!$A$5:$A$1004,$A15,'資格研修記録'!$D$5:$D$1004,I$4,'資格研修記録'!$F$5:$F$1004,">="&TODAY())>0,"○","× 期限切れ")))) | J15: =IF(OR($A15="",J$4=""),"",IF(AND(J$4="小型船舶2級",(COUNTIFS('資格研修記録'!$A$5:$A$1004,$A15,'資格研修記録'!$D$5:$D$1004,"小型船舶1級",'資格研修記録'!$F$5:$F$1004,"")+COUNTIFS('資格研修記録'!$A$5:$A$1004,$A15,'資格研修記録'!$D$5:$D$1004,"小型船舶1級",'資格研修記録'!$F$5:$F$1004,">="&TODAY()))>0),"1級に含む",IF(COUNTIFS('資格研修記録'!$A$5:$A$1004,$A15,'資格研修記録'!$D$5:$D$1004,J$4)=0,"—",IF(COUNTIFS('資格研修記録'!$A$5:$A$1004,$A15,'資格研修記録'!$D$5:$D$1004,J$4,'資格研修記録'!$F$5:$F$1004,"")+COUNTIFS('資格研修記録'!$A$5:$A$1004,$A15,'資格研修記録'!$D$5:$D$1004,J$4,'資格研修記録'!$F$5:$F$1004,">="&TODAY())>0,"○","× 期限切れ")))) | K15: =IF(OR($A15="",K$4=""),"",IF(AND(K$4="小型船舶2級",(COUNTIFS('資格研修記録'!$A$5:$A$1004,$A15,'資格研修記録'!$D$5:$D$1004,"小型船舶1級",'資格研修記録'!$F$5:$F$1004,"")+COUNTIFS('資格研修記録'!$A$5:$A$1004,$A15,'資格研修記録'!$D$5:$D$1004,"小型船舶1級",'資格研修記録'!$F$5:$F$1004,">="&TODAY()))>0),"1級に含む",IF(COUNTIFS('資格研修記録'!$A$5:$A$1004,$A15,'資格研修記録'!$D$5:$D$1004,K$4)=0,"—",IF(COUNTIFS('資格研修記録'!$A$5:$A$1004,$A15,'資格研修記録'!$D$5:$D$1004,K$4,'資格研修記録'!$F$5:$F$1004,"")+COUNTIFS('資格研修記録'!$A$5:$A$1004,$A15,'資格研修記録'!$D$5:$D$1004,K$4,'資格研修記録'!$F$5:$F$1004,">="&TODAY())>0,"○","× 期限切れ")))) | L15: =IF(OR($A15="",L$4=""),"",IF(AND(L$4="小型船舶2級",(COUNTIFS('資格研修記録'!$A$5:$A$1004,$A15,'資格研修記録'!$D$5:$D$1004,"小型船舶1級",'資格研修記録'!$F$5:$F$1004,"")+COUNTIFS('資格研修記録'!$A$5:$A$1004,$A15,'資格研修記録'!$D$5:$D$1004,"小型船舶1級",'資格研修記録'!$F$5:$F$1004,">="&TODAY()))>0),"1級に含む",IF(COUNTIFS('資格研修記録'!$A$5:$A$1004,$A15,'資格研修記録'!$D$5:$D$1004,L$4)=0,"—",IF(COUNTIFS('資格研修記録'!$A$5:$A$1004,$A15,'資格研修記録'!$D$5:$D$1004,L$4,'資格研修記録'!$F$5:$F$1004,"")+COUNTIFS('資格研修記録'!$A$5:$A$1004,$A15,'資格研修記録'!$D$5:$D$1004,L$4,'資格研修記録'!$F$5:$F$1004,">="&TODAY())>0,"○","× 期限切れ"))))
A16: =IF('隊員マスタ'!A16="","",'隊員マスタ'!A16) | B16: =IF(A16="","",'隊員マスタ'!B16) | C16: =IF(A16="","",'隊員マスタ'!C16) | D16: =IF(A16="","",'隊員マスタ'!D16) | E16: =IF(OR($A16="",E$4=""),"",IF(AND(E$4="小型船舶2級",(COUNTIFS('資格研修記録'!$A$5:$A$1004,$A16,'資格研修記録'!$D$5:$D$1004,"小型船舶1級",'資格研修記録'!$F$5:$F$1004,"")+COUNTIFS('資格研修記録'!$A$5:$A$1004,$A16,'資格研修記録'!$D$5:$D$1004,"小型船舶1級",'資格研修記録'!$F$5:$F$1004,">="&TODAY()))>0),"1級に含む",IF(COUNTIFS('資格研修記録'!$A$5:$A$1004,$A16,'資格研修記録'!$D$5:$D$1004,E$4)=0,"—",IF(COUNTIFS('資格研修記録'!$A$5:$A$1004,$A16,'資格研修記録'!$D$5:$D$1004,E$4,'資格研修記録'!$F$5:$F$1004,"")+COUNTIFS('資格研修記録'!$A$5:$A$1004,$A16,'資格研修記録'!$D$5:$D$1004,E$4,'資格研修記録'!$F$5:$F$1004,">="&TODAY())>0,"○","× 期限切れ")))) | F16: =IF(OR($A16="",F$4=""),"",IF(AND(F$4="小型船舶2級",(COUNTIFS('資格研修記録'!$A$5:$A$1004,$A16,'資格研修記録'!$D$5:$D$1004,"小型船舶1級",'資格研修記録'!$F$5:$F$1004,"")+COUNTIFS('資格研修記録'!$A$5:$A$1004,$A16,'資格研修記録'!$D$5:$D$1004,"小型船舶1級",'資格研修記録'!$F$5:$F$1004,">="&TODAY()))>0),"1級に含む",IF(COUNTIFS('資格研修記録'!$A$5:$A$1004,$A16,'資格研修記録'!$D$5:$D$1004,F$4)=0,"—",IF(COUNTIFS('資格研修記録'!$A$5:$A$1004,$A16,'資格研修記録'!$D$5:$D$1004,F$4,'資格研修記録'!$F$5:$F$1004,"")+COUNTIFS('資格研修記録'!$A$5:$A$1004,$A16,'資格研修記録'!$D$5:$D$1004,F$4,'資格研修記録'!$F$5:$F$1004,">="&TODAY())>0,"○","× 期限切れ")))) | G16: =IF(OR($A16="",G$4=""),"",IF(AND(G$4="小型船舶2級",(COUNTIFS('資格研修記録'!$A$5:$A$1004,$A16,'資格研修記録'!$D$5:$D$1004,"小型船舶1級",'資格研修記録'!$F$5:$F$1004,"")+COUNTIFS('資格研修記録'!$A$5:$A$1004,$A16,'資格研修記録'!$D$5:$D$1004,"小型船舶1級",'資格研修記録'!$F$5:$F$1004,">="&TODAY()))>0),"1級に含む",IF(COUNTIFS('資格研修記録'!$A$5:$A$1004,$A16,'資格研修記録'!$D$5:$D$1004,G$4)=0,"—",IF(COUNTIFS('資格研修記録'!$A$5:$A$1004,$A16,'資格研修記録'!$D$5:$D$1004,G$4,'資格研修記録'!$F$5:$F$1004,"")+COUNTIFS('資格研修記録'!$A$5:$A$1004,$A16,'資格研修記録'!$D$5:$D$1004,G$4,'資格研修記録'!$F$5:$F$1004,">="&TODAY())>0,"○","× 期限切れ")))) | H16: =IF(OR($A16="",H$4=""),"",IF(AND(H$4="小型船舶2級",(COUNTIFS('資格研修記録'!$A$5:$A$1004,$A16,'資格研修記録'!$D$5:$D$1004,"小型船舶1級",'資格研修記録'!$F$5:$F$1004,"")+COUNTIFS('資格研修記録'!$A$5:$A$1004,$A16,'資格研修記録'!$D$5:$D$1004,"小型船舶1級",'資格研修記録'!$F$5:$F$1004,">="&TODAY()))>0),"1級に含む",IF(COUNTIFS('資格研修記録'!$A$5:$A$1004,$A16,'資格研修記録'!$D$5:$D$1004,H$4)=0,"—",IF(COUNTIFS('資格研修記録'!$A$5:$A$1004,$A16,'資格研修記録'!$D$5:$D$1004,H$4,'資格研修記録'!$F$5:$F$1004,"")+COUNTIFS('資格研修記録'!$A$5:$A$1004,$A16,'資格研修記録'!$D$5:$D$1004,H$4,'資格研修記録'!$F$5:$F$1004,">="&TODAY())>0,"○","× 期限切れ")))) | I16: =IF(OR($A16="",I$4=""),"",IF(AND(I$4="小型船舶2級",(COUNTIFS('資格研修記録'!$A$5:$A$1004,$A16,'資格研修記録'!$D$5:$D$1004,"小型船舶1級",'資格研修記録'!$F$5:$F$1004,"")+COUNTIFS('資格研修記録'!$A$5:$A$1004,$A16,'資格研修記録'!$D$5:$D$1004,"小型船舶1級",'資格研修記録'!$F$5:$F$1004,">="&TODAY()))>0),"1級に含む",IF(COUNTIFS('資格研修記録'!$A$5:$A$1004,$A16,'資格研修記録'!$D$5:$D$1004,I$4)=0,"—",IF(COUNTIFS('資格研修記録'!$A$5:$A$1004,$A16,'資格研修記録'!$D$5:$D$1004,I$4,'資格研修記録'!$F$5:$F$1004,"")+COUNTIFS('資格研修記録'!$A$5:$A$1004,$A16,'資格研修記録'!$D$5:$D$1004,I$4,'資格研修記録'!$F$5:$F$1004,">="&TODAY())>0,"○","× 期限切れ")))) | J16: =IF(OR($A16="",J$4=""),"",IF(AND(J$4="小型船舶2級",(COUNTIFS('資格研修記録'!$A$5:$A$1004,$A16,'資格研修記録'!$D$5:$D$1004,"小型船舶1級",'資格研修記録'!$F$5:$F$1004,"")+COUNTIFS('資格研修記録'!$A$5:$A$1004,$A16,'資格研修記録'!$D$5:$D$1004,"小型船舶1級",'資格研修記録'!$F$5:$F$1004,">="&TODAY()))>0),"1級に含む",IF(COUNTIFS('資格研修記録'!$A$5:$A$1004,$A16,'資格研修記録'!$D$5:$D$1004,J$4)=0,"—",IF(COUNTIFS('資格研修記録'!$A$5:$A$1004,$A16,'資格研修記録'!$D$5:$D$1004,J$4,'資格研修記録'!$F$5:$F$1004,"")+COUNTIFS('資格研修記録'!$A$5:$A$1004,$A16,'資格研修記録'!$D$5:$D$1004,J$4,'資格研修記録'!$F$5:$F$1004,">="&TODAY())>0,"○","× 期限切れ")))) | K16: =IF(OR($A16="",K$4=""),"",IF(AND(K$4="小型船舶2級",(COUNTIFS('資格研修記録'!$A$5:$A$1004,$A16,'資格研修記録'!$D$5:$D$1004,"小型船舶1級",'資格研修記録'!$F$5:$F$1004,"")+COUNTIFS('資格研修記録'!$A$5:$A$1004,$A16,'資格研修記録'!$D$5:$D$1004,"小型船舶1級",'資格研修記録'!$F$5:$F$1004,">="&TODAY()))>0),"1級に含む",IF(COUNTIFS('資格研修記録'!$A$5:$A$1004,$A16,'資格研修記録'!$D$5:$D$1004,K$4)=0,"—",IF(COUNTIFS('資格研修記録'!$A$5:$A$1004,$A16,'資格研修記録'!$D$5:$D$1004,K$4,'資格研修記録'!$F$5:$F$1004,"")+COUNTIFS('資格研修記録'!$A$5:$A$1004,$A16,'資格研修記録'!$D$5:$D$1004,K$4,'資格研修記録'!$F$5:$F$1004,">="&TODAY())>0,"○","× 期限切れ")))) | L16: =IF(OR($A16="",L$4=""),"",IF(AND(L$4="小型船舶2級",(COUNTIFS('資格研修記録'!$A$5:$A$1004,$A16,'資格研修記録'!$D$5:$D$1004,"小型船舶1級",'資格研修記録'!$F$5:$F$1004,"")+COUNTIFS('資格研修記録'!$A$5:$A$1004,$A16,'資格研修記録'!$D$5:$D$1004,"小型船舶1級",'資格研修記録'!$F$5:$F$1004,">="&TODAY()))>0),"1級に含む",IF(COUNTIFS('資格研修記録'!$A$5:$A$1004,$A16,'資格研修記録'!$D$5:$D$1004,L$4)=0,"—",IF(COUNTIFS('資格研修記録'!$A$5:$A$1004,$A16,'資格研修記録'!$D$5:$D$1004,L$4,'資格研修記録'!$F$5:$F$1004,"")+COUNTIFS('資格研修記録'!$A$5:$A$1004,$A16,'資格研修記録'!$D$5:$D$1004,L$4,'資格研修記録'!$F$5:$F$1004,">="&TODAY())>0,"○","× 期限切れ"))))
... A204: =IF('隊員マスタ'!A204="","",'隊員マスタ'!A204) | B204: =IF(A204="","",'隊員マスタ'!B204) | C204: =IF(A204="","",'隊員マスタ'!C204) | D204: =IF(A204="","",'隊員マスタ'!D204) | E204: =IF(OR($A204="",E$4=""),"",IF(AND(E$4="小型船舶2級",(COUNTIFS('資格研修記録'!$A$5:$A$1004,$A204,'資格研修記録'!$D$5:$D$1004,"小型船舶1級",'資格研修記録'!$F$5:$F$1004,"")+COUNTIFS('資格研修記録'!$A$5:$A$1004,$A204,'資格研修記録'!$D$5:$D$1004,"小型船舶1級",'資格研修記録'!$F$5:$F$1004,">="&TODAY()))>0),"1級に含む",IF(COUNTIFS('資格研修記録'!$A$5:$A$1004,$A204,'資格研修記録'!$D$5:$D$1004,E$4)=0,"—",IF(COUNTIFS('資格研修記録'!$A$5:$A$1004,$A204,'資格研修記録'!$D$5:$D$1004,E$4,'資格研修記録'!$F$5:$F$1004,"")+COUNTIFS('資格研修記録'!$A$5:$A$1004,$A204,'資格研修記録'!$D$5:$D$1004,E$4,'資格研修記録'!$F$5:$F$1004,">="&TODAY())>0,"○","× 期限切れ")))) | F204: =IF(OR($A204="",F$4=""),"",IF(AND(F$4="小型船舶2級",(COUNTIFS('資格研修記録'!$A$5:$A$1004,$A204,'資格研修記録'!$D$5:$D$1004,"小型船舶1級",'資格研修記録'!$F$5:$F$1004,"")+COUNTIFS('資格研修記録'!$A$5:$A$1004,$A204,'資格研修記録'!$D$5:$D$1004,"小型船舶1級",'資格研修記録'!$F$5:$F$1004,">="&TODAY()))>0),"1級に含む",IF(COUNTIFS('資格研修記録'!$A$5:$A$1004,$A204,'資格研修記録'!$D$5:$D$1004,F$4)=0,"—",IF(COUNTIFS('資格研修記録'!$A$5:$A$1004,$A204,'資格研修記録'!$D$5:$D$1004,F$4,'資格研修記録'!$F$5:$F$1004,"")+COUNTIFS('資格研修記録'!$A$5:$A$1004,$A204,'資格研修記録'!$D$5:$D$1004,F$4,'資格研修記録'!$F$5:$F$1004,">="&TODAY())>0,"○","× 期限切れ")))) | G204: =IF(OR($A204="",G$4=""),"",IF(AND(G$4="小型船舶2級",(COUNTIFS('資格研修記録'!$A$5:$A$1004,$A204,'資格研修記録'!$D$5:$D$1004,"小型船舶1級",'資格研修記録'!$F$5:$F$1004,"")+COUNTIFS('資格研修記録'!$A$5:$A$1004,$A204,'資格研修記録'!$D$5:$D$1004,"小型船舶1級",'資格研修記録'!$F$5:$F$1004,">="&TODAY()))>0),"1級に含む",IF(COUNTIFS('資格研修記録'!$A$5:$A$1004,$A204,'資格研修記録'!$D$5:$D$1004,G$4)=0,"—",IF(COUNTIFS('資格研修記録'!$A$5:$A$1004,$A204,'資格研修記録'!$D$5:$D$1004,G$4,'資格研修記録'!$F$5:$F$1004,"")+COUNTIFS('資格研修記録'!$A$5:$A$1004,$A204,'資格研修記録'!$D$5:$D$1004,G$4,'資格研修記録'!$F$5:$F$1004,">="&TODAY())>0,"○","× 期限切れ")))) | H204: =IF(OR($A204="",H$4=""),"",IF(AND(H$4="小型船舶2級",(COUNTIFS('資格研修記録'!$A$5:$A$1004,$A204,'資格研修記録'!$D$5:$D$1004,"小型船舶1級",'資格研修記録'!$F$5:$F$1004,"")+COUNTIFS('資格研修記録'!$A$5:$A$1004,$A204,'資格研修記録'!$D$5:$D$1004,"小型船舶1級",'資格研修記録'!$F$5:$F$1004,">="&TODAY()))>0),"1級に含む",IF(COUNTIFS('資格研修記録'!$A$5:$A$1004,$A204,'資格研修記録'!$D$5:$D$1004,H$4)=0,"—",IF(COUNTIFS('資格研修記録'!$A$5:$A$1004,$A204,'資格研修記録'!$D$5:$D$1004,H$4,'資格研修記録'!$F$5:$F$1004,"")+COUNTIFS('資格研修記録'!$A$5:$A$1004,$A204,'資格研修記録'!$D$5:$D$1004,H$4,'資格研修記録'!$F$5:$F$1004,">="&TODAY())>0,"○","× 期限切れ")))) | I204: =IF(OR($A204="",I$4=""),"",IF(AND(I$4="小型船舶2級",(COUNTIFS('資格研修記録'!$A$5:$A$1004,$A204,'資格研修記録'!$D$5:$D$1004,"小型船舶1級",'資格研修記録'!$F$5:$F$1004,"")+COUNTIFS('資格研修記録'!$A$5:$A$1004,$A204,'資格研修記録'!$D$5:$D$1004,"小型船舶1級",'資格研修記録'!$F$5:$F$1004,">="&TODAY()))>0),"1級に含む",IF(COUNTIFS('資格研修記録'!$A$5:$A$1004,$A204,'資格研修記録'!$D$5:$D$1004,I$4)=0,"—",IF(COUNTIFS('資格研修記録'!$A$5:$A$1004,$A204,'資格研修記録'!$D$5:$D$1004,I$4,'資格研修記録'!$F$5:$F$1004,"")+COUNTIFS('資格研修記録'!$A$5:$A$1004,$A204,'資格研修記録'!$D$5:$D$1004,I$4,'資格研修記録'!$F$5:$F$1004,">="&TODAY())>0,"○","× 期限切れ")))) | J204: =IF(OR($A204="",J$4=""),"",IF(AND(J$4="小型船舶2級",(COUNTIFS('資格研修記録'!$A$5:$A$1004,$A204,'資格研修記録'!$D$5:$D$1004,"小型船舶1級",'資格研修記録'!$F$5:$F$1004,"")+COUNTIFS('資格研修記録'!$A$5:$A$1004,$A204,'資格研修記録'!$D$5:$D$1004,"小型船舶1級",'資格研修記録'!$F$5:$F$1004,">="&TODAY()))>0),"1級に含む",IF(COUNTIFS('資格研修記録'!$A$5:$A$1004,$A204,'資格研修記録'!$D$5:$D$1004,J$4)=0,"—",IF(COUNTIFS('資格研修記録'!$A$5:$A$1004,$A204,'資格研修記録'!$D$5:$D$1004,J$4,'資格研修記録'!$F$5:$F$1004,"")+COUNTIFS('資格研修記録'!$A$5:$A$1004,$A204,'資格研修記録'!$D$5:$D$1004,J$4,'資格研修記録'!$F$5:$F$1004,">="&TODAY())>0,"○","× 期限切れ")))) | K204: =IF(OR($A204="",K$4=""),"",IF(AND(K$4="小型船舶2級",(COUNTIFS('資格研修記録'!$A$5:$A$1004,$A204,'資格研修記録'!$D$5:$D$1004,"小型船舶1級",'資格研修記録'!$F$5:$F$1004,"")+COUNTIFS('資格研修記録'!$A$5:$A$1004,$A204,'資格研修記録'!$D$5:$D$1004,"小型船舶1級",'資格研修記録'!$F$5:$F$1004,">="&TODAY()))>0),"1級に含む",IF(COUNTIFS('資格研修記録'!$A$5:$A$1004,$A204,'資格研修記録'!$D$5:$D$1004,K$4)=0,"—",IF(COUNTIFS('資格研修記録'!$A$5:$A$1004,$A204,'資格研修記録'!$D$5:$D$1004,K$4,'資格研修記録'!$F$5:$F$1004,"")+COUNTIFS('資格研修記録'!$A$5:$A$1004,$A204,'資格研修記録'!$D$5:$D$1004,K$4,'資格研修記録'!$F$5:$F$1004,">="&TODAY())>0,"○","× 期限切れ")))) | L204: =IF(OR($A204="",L$4=""),"",IF(AND(L$4="小型船舶2級",(COUNTIFS('資格研修記録'!$A$5:$A$1004,$A204,'資格研修記録'!$D$5:$D$1004,"小型船舶1級",'資格研修記録'!$F$5:$F$1004,"")+COUNTIFS('資格研修記録'!$A$5:$A$1004,$A204,'資格研修記録'!$D$5:$D$1004,"小型船舶1級",'資格研修記録'!$F$5:$F$1004,">="&TODAY()))>0),"1級に含む",IF(COUNTIFS('資格研修記録'!$A$5:$A$1004,$A204,'資格研修記録'!$D$5:$D$1004,L$4)=0,"—",IF(COUNTIFS('資格研修記録'!$A$5:$A$1004,$A204,'資格研修記録'!$D$5:$D$1004,L$4,'資格研修記録'!$F$5:$F$1004,"")+COUNTIFS('資格研修記録'!$A$5:$A$1004,$A204,'資格研修記録'!$D$5:$D$1004,L$4,'資格研修記録'!$F$5:$F$1004,">="&TODAY())>0,"○","× 期限切れ"))))

Sheet 経歴簿
A1: 潜水経歴簿
H2: 出力日 | I2: =TODAY()
B4: 職員番号 | C4: 1002 | D4: ← プルダウンで選ぶ | E4: 氏名 | F4: =IF($C$4="","",IFERROR(INDEX('隊員マスタ'!$B$5:$B$204,MATCH($C$4&"",'隊員マスタ'!$F$5:$F$204,0)),"番号なし")) | H4: 所属 | I4: =IF($C$4="","",IFERROR(INDEX('隊員マスタ'!$C$5:$C$204,MATCH($C$4&"",'隊員マスタ'!$F$5:$F$204,0)),""))
B5: 潜水士免許 | C5: =IF($C$4="","",IF(COUNTIFS('資格研修記録'!$A$5:$A$1004,$C$4,'資格研修記録'!$D$5:$D$1004,"潜水士免許")>0,"有","無")) | E5: 水難救助研修 | F5: =IF($C$4="","",IF(COUNTIFS('資格研修記録'!$A$5:$A$1004,$C$4,'資格研修記録'!$D$5:$D$1004,"水難救助研修")>0,"修了","—")) | H5: 小型船舶 | I5: =IF($C$4="","",IFERROR(INDEX('隊員一覧'!$G$8:$G$207,MATCH($C$4&"",'隊員マスタ'!$F$5:$F$204,0)),""))
B6: 累計本数 | C6: =IF($C$4="",0,COUNTIF('潜水記録'!$B$5:$B$3004,$C$4)) | E6: 累計潜水時間 | F6: =IF($C$4="","",SUMIF('潜水記録'!$B$5:$B$3004,$C$4,'潜水記録'!$H$5:$H$3004)) | H6: 最大水深 | I6: =IF(OR($C$4="",$C$6=0),"",_xlfn.MAXIFS('潜水記録'!$G$5:$G$3004,'潜水記録'!$B$5:$B$3004,$C$4))
B7: 最終潜水日 | C7: =IF(OR($C$4="",$C$6=0),"",_xlfn.MAXIFS('潜水記録'!$A$5:$A$3004,'潜水記録'!$B$5:$B$3004,$C$4)) | E7: 今年度本数 | F7: =IF($C$4="","",COUNTIFS('潜水記録'!$B$5:$B$3004,$C$4,'潜水記録'!$AF$5:$AF$3004,YEAR(EDATE(TODAY(),-3)))) | H7: 時間換算 | I7: =IF(F6="","",ROUND(F6/60,1))
A9: No | B9: 日付 | C9: 区分 | D9: 事案・訓練名 | E9: 地点 | F9: 最大水深(m) | G9: 潜水時間(分) | H9: 水面休息(分) | I9: グループ | J9: 減圧停止(表の判定) | K9: 体調異常 | L9: 指揮者 | M9: 行（自動）
A10: =IF(1<=$C$6,1,"") | B10: =IF($A10="","",IF(INDEX('潜水記録'!$A$5:$A$3004,$M10)="","",INDEX('潜水記録'!$A$5:$A$3004,$M10))) | C10: =IF($A10="","",IF(INDEX('潜水記録'!$D$5:$D$3004,$M10)="","",INDEX('潜水記録'!$D$5:$D$3004,$M10))) | D10: =IF($A10="","",IF(INDEX('潜水記録'!$E$5:$E$3004,$M10)="","",INDEX('潜水記録'!$E$5:$E$3004,$M10))) | E10: =IF($A10="","",IF(INDEX('潜水記録'!$F$5:$F$3004,$M10)="","",INDEX('潜水記録'!$F$5:$F$3004,$M10))) | F10: =IF($A10="","",IF(INDEX('潜水記録'!$G$5:$G$3004,$M10)="","",INDEX('潜水記録'!$G$5:$G$3004,$M10))) | G10: =IF($A10="","",IF(INDEX('潜水記録'!$H$5:$H$3004,$M10)="","",INDEX('潜水記録'!$H$5:$H$3004,$M10))) | H10: =IF($A10="","",IF(INDEX('潜水記録'!$I$5:$I$3004,$M10)="","",INDEX('潜水記録'!$I$5:$I$3004,$M10))) | I10: =IF($A10="","",IF(INDEX('潜水記録'!$X$5:$X$3004,$M10)="","",INDEX('潜水記録'!$X$5:$X$3004,$M10))) | J10: =IF($A10="","",IF(INDEX('潜水記録'!$O$5:$O$3004,$M10)="","",INDEX('潜水記録'!$O$5:$O$3004,$M10))) | K10: =IF($A10="","",IF(INDEX('潜水記録'!$P$5:$P$3004,$M10)="","",INDEX('潜水記録'!$P$5:$P$3004,$M10))) | L10: =IF($A10="","",IF(INDEX('潜水記録'!$Q$5:$Q$3004,$M10)="","",INDEX('潜水記録'!$Q$5:$Q$3004,$M10))) | M10: =IF($A10="","",MATCH($A10,'潜水記録'!$AG$5:$AG$3004,0))
A11: =IF(2<=$C$6,2,"") | B11: =IF($A11="","",IF(INDEX('潜水記録'!$A$5:$A$3004,$M11)="","",INDEX('潜水記録'!$A$5:$A$3004,$M11))) | C11: =IF($A11="","",IF(INDEX('潜水記録'!$D$5:$D$3004,$M11)="","",INDEX('潜水記録'!$D$5:$D$3004,$M11))) | D11: =IF($A11="","",IF(INDEX('潜水記録'!$E$5:$E$3004,$M11)="","",INDEX('潜水記録'!$E$5:$E$3004,$M11))) | E11: =IF($A11="","",IF(INDEX('潜水記録'!$F$5:$F$3004,$M11)="","",INDEX('潜水記録'!$F$5:$F$3004,$M11))) | F11: =IF($A11="","",IF(INDEX('潜水記録'!$G$5:$G$3004,$M11)="","",INDEX('潜水記録'!$G$5:$G$3004,$M11))) | G11: =IF($A11="","",IF(INDEX('潜水記録'!$H$5:$H$3004,$M11)="","",INDEX('潜水記録'!$H$5:$H$3004,$M11))) | H11: =IF($A11="","",IF(INDEX('潜水記録'!$I$5:$I$3004,$M11)="","",INDEX('潜水記録'!$I$5:$I$3004,$M11))) | I11: =IF($A11="","",IF(INDEX('潜水記録'!$X$5:$X$3004,$M11)="","",INDEX('潜水記録'!$X$5:$X$3004,$M11))) | J11: =IF($A11="","",IF(INDEX('潜水記録'!$O$5:$O$3004,$M11)="","",INDEX('潜水記録'!$O$5:$O$3004,$M11))) | K11: =IF($A11="","",IF(INDEX('潜水記録'!$P$5:$P$3004,$M11)="","",INDEX('潜水記録'!$P$5:$P$3004,$M11))) | L11: =IF($A11="","",IF(INDEX('潜水記録'!$Q$5:$Q$3004,$M11)="","",INDEX('潜水記録'!$Q$5:$Q$3004,$M11))) | M11: =IF($A11="","",MATCH($A11,'潜水記録'!$AG$5:$AG$3004,0))
A12: =IF(3<=$C$6,3,"") | B12: =IF($A12="","",IF(INDEX('潜水記録'!$A$5:$A$3004,$M12)="","",INDEX('潜水記録'!$A$5:$A$3004,$M12))) | C12: =IF($A12="","",IF(INDEX('潜水記録'!$D$5:$D$3004,$M12)="","",INDEX('潜水記録'!$D$5:$D$3004,$M12))) | D12: =IF($A12="","",IF(INDEX('潜水記録'!$E$5:$E$3004,$M12)="","",INDEX('潜水記録'!$E$5:$E$3004,$M12))) | E12: =IF($A12="","",IF(INDEX('潜水記録'!$F$5:$F$3004,$M12)="","",INDEX('潜水記録'!$F$5:$F$3004,$M12))) | F12: =IF($A12="","",IF(INDEX('潜水記録'!$G$5:$G$3004,$M12)="","",INDEX('潜水記録'!$G$5:$G$3004,$M12))) | G12: =IF($A12="","",IF(INDEX('潜水記録'!$H$5:$H$3004,$M12)="","",INDEX('潜水記録'!$H$5:$H$3004,$M12))) | H12: =IF($A12="","",IF(INDEX('潜水記録'!$I$5:$I$3004,$M12)="","",INDEX('潜水記録'!$I$5:$I$3004,$M12))) | I12: =IF($A12="","",IF(INDEX('潜水記録'!$X$5:$X$3004,$M12)="","",INDEX('潜水記録'!$X$5:$X$3004,$M12))) | J12: =IF($A12="","",IF(INDEX('潜水記録'!$O$5:$O$3004,$M12)="","",INDEX('潜水記録'!$O$5:$O$3004,$M12))) | K12: =IF($A12="","",IF(INDEX('潜水記録'!$P$5:$P$3004,$M12)="","",INDEX('潜水記録'!$P$5:$P$3004,$M12))) | L12: =IF($A12="","",IF(INDEX('潜水記録'!$Q$5:$Q$3004,$M12)="","",INDEX('潜水記録'!$Q$5:$Q$3004,$M12))) | M12: =IF($A12="","",MATCH($A12,'潜水記録'!$AG$5:$AG$3004,0))
A13: =IF(4<=$C$6,4,"") | B13: =IF($A13="","",IF(INDEX('潜水記録'!$A$5:$A$3004,$M13)="","",INDEX('潜水記録'!$A$5:$A$3004,$M13))) | C13: =IF($A13="","",IF(INDEX('潜水記録'!$D$5:$D$3004,$M13)="","",INDEX('潜水記録'!$D$5:$D$3004,$M13))) | D13: =IF($A13="","",IF(INDEX('潜水記録'!$E$5:$E$3004,$M13)="","",INDEX('潜水記録'!$E$5:$E$3004,$M13))) | E13: =IF($A13="","",IF(INDEX('潜水記録'!$F$5:$F$3004,$M13)="","",INDEX('潜水記録'!$F$5:$F$3004,$M13))) | F13: =IF($A13="","",IF(INDEX('潜水記録'!$G$5:$G$3004,$M13)="","",INDEX('潜水記録'!$G$5:$G$3004,$M13))) | G13: =IF($A13="","",IF(INDEX('潜水記録'!$H$5:$H$3004,$M13)="","",INDEX('潜水記録'!$H$5:$H$3004,$M13))) | H13: =IF($A13="","",IF(INDEX('潜水記録'!$I$5:$I$3004,$M13)="","",INDEX('潜水記録'!$I$5:$I$3004,$M13))) | I13: =IF($A13="","",IF(INDEX('潜水記録'!$X$5:$X$3004,$M13)="","",INDEX('潜水記録'!$X$5:$X$3004,$M13))) | J13: =IF($A13="","",IF(INDEX('潜水記録'!$O$5:$O$3004,$M13)="","",INDEX('潜水記録'!$O$5:$O$3004,$M13))) | K13: =IF($A13="","",IF(INDEX('潜水記録'!$P$5:$P$3004,$M13)="","",INDEX('潜水記録'!$P$5:$P$3004,$M13))) | L13: =IF($A13="","",IF(INDEX('潜水記録'!$Q$5:$Q$3004,$M13)="","",INDEX('潜水記録'!$Q$5:$Q$3004,$M13))) | M13: =IF($A13="","",MATCH($A13,'潜水記録'!$AG$5:$AG$3004,0))
A14: =IF(5<=$C$6,5,"") | B14: =IF($A14="","",IF(INDEX('潜水記録'!$A$5:$A$3004,$M14)="","",INDEX('潜水記録'!$A$5:$A$3004,$M14))) | C14: =IF($A14="","",IF(INDEX('潜水記録'!$D$5:$D$3004,$M14)="","",INDEX('潜水記録'!$D$5:$D$3004,$M14))) | D14: =IF($A14="","",IF(INDEX('潜水記録'!$E$5:$E$3004,$M14)="","",INDEX('潜水記録'!$E$5:$E$3004,$M14))) | E14: =IF($A14="","",IF(INDEX('潜水記録'!$F$5:$F$3004,$M14)="","",INDEX('潜水記録'!$F$5:$F$3004,$M14))) | F14: =IF($A14="","",IF(INDEX('潜水記録'!$G$5:$G$3004,$M14)="","",INDEX('潜水記録'!$G$5:$G$3004,$M14))) | G14: =IF($A14="","",IF(INDEX('潜水記録'!$H$5:$H$3004,$M14)="","",INDEX('潜水記録'!$H$5:$H$3004,$M14))) | H14: =IF($A14="","",IF(INDEX('潜水記録'!$I$5:$I$3004,$M14)="","",INDEX('潜水記録'!$I$5:$I$3004,$M14))) | I14: =IF($A14="","",IF(INDEX('潜水記録'!$X$5:$X$3004,$M14)="","",INDEX('潜水記録'!$X$5:$X$3004,$M14))) | J14: =IF($A14="","",IF(INDEX('潜水記録'!$O$5:$O$3004,$M14)="","",INDEX('潜水記録'!$O$5:$O$3004,$M14))) | K14: =IF($A14="","",IF(INDEX('潜水記録'!$P$5:$P$3004,$M14)="","",INDEX('潜水記録'!$P$5:$P$3004,$M14))) | L14: =IF($A14="","",IF(INDEX('潜水記録'!$Q$5:$Q$3004,$M14)="","",INDEX('潜水記録'!$Q$5:$Q$3004,$M14))) | M14: =IF($A14="","",MATCH($A14,'潜水記録'!$AG$5:$AG$3004,0))
A15: =IF(6<=$C$6,6,"") | B15: =IF($A15="","",IF(INDEX('潜水記録'!$A$5:$A$3004,$M15)="","",INDEX('潜水記録'!$A$5:$A$3004,$M15))) | C15: =IF($A15="","",IF(INDEX('潜水記録'!$D$5:$D$3004,$M15)="","",INDEX('潜水記録'!$D$5:$D$3004,$M15))) | D15: =IF($A15="","",IF(INDEX('潜水記録'!$E$5:$E$3004,$M15)="","",INDEX('潜水記録'!$E$5:$E$3004,$M15))) | E15: =IF($A15="","",IF(INDEX('潜水記録'!$F$5:$F$3004,$M15)="","",INDEX('潜水記録'!$F$5:$F$3004,$M15))) | F15: =IF($A15="","",IF(INDEX('潜水記録'!$G$5:$G$3004,$M15)="","",INDEX('潜水記録'!$G$5:$G$3004,$M15))) | G15: =IF($A15="","",IF(INDEX('潜水記録'!$H$5:$H$3004,$M15)="","",INDEX('潜水記録'!$H$5:$H$3004,$M15))) | H15: =IF($A15="","",IF(INDEX('潜水記録'!$I$5:$I$3004,$M15)="","",INDEX('潜水記録'!$I$5:$I$3004,$M15))) | I15: =IF($A15="","",IF(INDEX('潜水記録'!$X$5:$X$3004,$M15)="","",INDEX('潜水記録'!$X$5:$X$3004,$M15))) | J15: =IF($A15="","",IF(INDEX('潜水記録'!$O$5:$O$3004,$M15)="","",INDEX('潜水記録'!$O$5:$O$3004,$M15))) | K15: =IF($A15="","",IF(INDEX('潜水記録'!$P$5:$P$3004,$M15)="","",INDEX('潜水記録'!$P$5:$P$3004,$M15))) | L15: =IF($A15="","",IF(INDEX('潜水記録'!$Q$5:$Q$3004,$M15)="","",INDEX('潜水記録'!$Q$5:$Q$3004,$M15))) | M15: =IF($A15="","",MATCH($A15,'潜水記録'!$AG$5:$AG$3004,0))
A16: =IF(7<=$C$6,7,"") | B16: =IF($A16="","",IF(INDEX('潜水記録'!$A$5:$A$3004,$M16)="","",INDEX('潜水記録'!$A$5:$A$3004,$M16))) | C16: =IF($A16="","",IF(INDEX('潜水記録'!$D$5:$D$3004,$M16)="","",INDEX('潜水記録'!$D$5:$D$3004,$M16))) | D16: =IF($A16="","",IF(INDEX('潜水記録'!$E$5:$E$3004,$M16)="","",INDEX('潜水記録'!$E$5:$E$3004,$M16))) | E16: =IF($A16="","",IF(INDEX('潜水記録'!$F$5:$F$3004,$M16)="","",INDEX('潜水記録'!$F$5:$F$3004,$M16))) | F16: =IF($A16="","",IF(INDEX('潜水記録'!$G$5:$G$3004,$M16)="","",INDEX('潜水記録'!$G$5:$G$3004,$M16))) | G16: =IF($A16="","",IF(INDEX('潜水記録'!$H$5:$H$3004,$M16)="","",INDEX('潜水記録'!$H$5:$H$3004,$M16))) | H16: =IF($A16="","",IF(INDEX('潜水記録'!$I$5:$I$3004,$M16)="","",INDEX('潜水記録'!$I$5:$I$3004,$M16))) | I16: =IF($A16="","",IF(INDEX('潜水記録'!$X$5:$X$3004,$M16)="","",INDEX('潜水記録'!$X$5:$X$3004,$M16))) | J16: =IF($A16="","",IF(INDEX('潜水記録'!$O$5:$O$3004,$M16)="","",INDEX('潜水記録'!$O$5:$O$3004,$M16))) | K16: =IF($A16="","",IF(INDEX('潜水記録'!$P$5:$P$3004,$M16)="","",INDEX('潜水記録'!$P$5:$P$3004,$M16))) | L16: =IF($A16="","",IF(INDEX('潜水記録'!$Q$5:$Q$3004,$M16)="","",INDEX('潜水記録'!$Q$5:$Q$3004,$M16))) | M16: =IF($A16="","",MATCH($A16,'潜水記録'!$AG$5:$AG$3004,0))
A17: =IF(8<=$C$6,8,"") | B17: =IF($A17="","",IF(INDEX('潜水記録'!$A$5:$A$3004,$M17)="","",INDEX('潜水記録'!$A$5:$A$3004,$M17))) | C17: =IF($A17="","",IF(INDEX('潜水記録'!$D$5:$D$3004,$M17)="","",INDEX('潜水記録'!$D$5:$D$3004,$M17))) | D17: =IF($A17="","",IF(INDEX('潜水記録'!$E$5:$E$3004,$M17)="","",INDEX('潜水記録'!$E$5:$E$3004,$M17))) | E17: =IF($A17="","",IF(INDEX('潜水記録'!$F$5:$F$3004,$M17)="","",INDEX('潜水記録'!$F$5:$F$3004,$M17))) | F17: =IF($A17="","",IF(INDEX('潜水記録'!$G$5:$G$3004,$M17)="","",INDEX('潜水記録'!$G$5:$G$3004,$M17))) | G17: =IF($A17="","",IF(INDEX('潜水記録'!$H$5:$H$3004,$M17)="","",INDEX('潜水記録'!$H$5:$H$3004,$M17))) | H17: =IF($A17="","",IF(INDEX('潜水記録'!$I$5:$I$3004,$M17)="","",INDEX('潜水記録'!$I$5:$I$3004,$M17))) | I17: =IF($A17="","",IF(INDEX('潜水記録'!$X$5:$X$3004,$M17)="","",INDEX('潜水記録'!$X$5:$X$3004,$M17))) | J17: =IF($A17="","",IF(INDEX('潜水記録'!$O$5:$O$3004,$M17)="","",INDEX('潜水記録'!$O$5:$O$3004,$M17))) | K17: =IF($A17="","",IF(INDEX('潜水記録'!$P$5:$P$3004,$M17)="","",INDEX('潜水記録'!$P$5:$P$3004,$M17))) | L17: =IF($A17="","",IF(INDEX('潜水記録'!$Q$5:$Q$3004,$M17)="","",INDEX('潜水記録'!$Q$5:$Q$3004,$M17))) | M17: =IF($A17="","",MATCH($A17,'潜水記録'!$AG$5:$AG$3004,0))
A18: =IF(9<=$C$6,9,"") | B18: =IF($A18="","",IF(INDEX('潜水記録'!$A$5:$A$3004,$M18)="","",INDEX('潜水記録'!$A$5:$A$3004,$M18))) | C18: =IF($A18="","",IF(INDEX('潜水記録'!$D$5:$D$3004,$M18)="","",INDEX('潜水記録'!$D$5:$D$3004,$M18))) | D18: =IF($A18="","",IF(INDEX('潜水記録'!$E$5:$E$3004,$M18)="","",INDEX('潜水記録'!$E$5:$E$3004,$M18))) | E18: =IF($A18="","",IF(INDEX('潜水記録'!$F$5:$F$3004,$M18)="","",INDEX('潜水記録'!$F$5:$F$3004,$M18))) | F18: =IF($A18="","",IF(INDEX('潜水記録'!$G$5:$G$3004,$M18)="","",INDEX('潜水記録'!$G$5:$G$3004,$M18))) | G18: =IF($A18="","",IF(INDEX('潜水記録'!$H$5:$H$3004,$M18)="","",INDEX('潜水記録'!$H$5:$H$3004,$M18))) | H18: =IF($A18="","",IF(INDEX('潜水記録'!$I$5:$I$3004,$M18)="","",INDEX('潜水記録'!$I$5:$I$3004,$M18))) | I18: =IF($A18="","",IF(INDEX('潜水記録'!$X$5:$X$3004,$M18)="","",INDEX('潜水記録'!$X$5:$X$3004,$M18))) | J18: =IF($A18="","",IF(INDEX('潜水記録'!$O$5:$O$3004,$M18)="","",INDEX('潜水記録'!$O$5:$O$3004,$M18))) | K18: =IF($A18="","",IF(INDEX('潜水記録'!$P$5:$P$3004,$M18)="","",INDEX('潜水記録'!$P$5:$P$3004,$M18))) | L18: =IF($A18="","",IF(INDEX('潜水記録'!$Q$5:$Q$3004,$M18)="","",INDEX('潜水記録'!$Q$5:$Q$3004,$M18))) | M18: =IF($A18="","",MATCH($A18,'潜水記録'!$AG$5:$AG$3004,0))
A19: =IF(10<=$C$6,10,"") | B19: =IF($A19="","",IF(INDEX('潜水記録'!$A$5:$A$3004,$M19)="","",INDEX('潜水記録'!$A$5:$A$3004,$M19))) | C19: =IF($A19="","",IF(INDEX('潜水記録'!$D$5:$D$3004,$M19)="","",INDEX('潜水記録'!$D$5:$D$3004,$M19))) | D19: =IF($A19="","",IF(INDEX('潜水記録'!$E$5:$E$3004,$M19)="","",INDEX('潜水記録'!$E$5:$E$3004,$M19))) | E19: =IF($A19="","",IF(INDEX('潜水記録'!$F$5:$F$3004,$M19)="","",INDEX('潜水記録'!$F$5:$F$3004,$M19))) | F19: =IF($A19="","",IF(INDEX('潜水記録'!$G$5:$G$3004,$M19)="","",INDEX('潜水記録'!$G$5:$G$3004,$M19))) | G19: =IF($A19="","",IF(INDEX('潜水記録'!$H$5:$H$3004,$M19)="","",INDEX('潜水記録'!$H$5:$H$3004,$M19))) | H19: =IF($A19="","",IF(INDEX('潜水記録'!$I$5:$I$3004,$M19)="","",INDEX('潜水記録'!$I$5:$I$3004,$M19))) | I19: =IF($A19="","",IF(INDEX('潜水記録'!$X$5:$X$3004,$M19)="","",INDEX('潜水記録'!$X$5:$X$3004,$M19))) | J19: =IF($A19="","",IF(INDEX('潜水記録'!$O$5:$O$3004,$M19)="","",INDEX('潜水記録'!$O$5:$O$3004,$M19))) | K19: =IF($A19="","",IF(INDEX('潜水記録'!$P$5:$P$3004,$M19)="","",INDEX('潜水記録'!$P$5:$P$3004,$M19))) | L19: =IF($A19="","",IF(INDEX('潜水記録'!$Q$5:$Q$3004,$M19)="","",INDEX('潜水記録'!$Q$5:$Q$3004,$M19))) | M19: =IF($A19="","",MATCH($A19,'潜水記録'!$AG$5:$AG$3004,0))
A20: =IF(11<=$C$6,11,"") | B20: =IF($A20="","",IF(INDEX('潜水記録'!$A$5:$A$3004,$M20)="","",INDEX('潜水記録'!$A$5:$A$3004,$M20))) | C20: =IF($A20="","",IF(INDEX('潜水記録'!$D$5:$D$3004,$M20)="","",INDEX('潜水記録'!$D$5:$D$3004,$M20))) | D20: =IF($A20="","",IF(INDEX('潜水記録'!$E$5:$E$3004,$M20)="","",INDEX('潜水記録'!$E$5:$E$3004,$M20))) | E20: =IF($A20="","",IF(INDEX('潜水記録'!$F$5:$F$3004,$M20)="","",INDEX('潜水記録'!$F$5:$F$3004,$M20))) | F20: =IF($A20="","",IF(INDEX('潜水記録'!$G$5:$G$3004,$M20)="","",INDEX('潜水記録'!$G$5:$G$3004,$M20))) | G20: =IF($A20="","",IF(INDEX('潜水記録'!$H$5:$H$3004,$M20)="","",INDEX('潜水記録'!$H$5:$H$3004,$M20))) | H20: =IF($A20="","",IF(INDEX('潜水記録'!$I$5:$I$3004,$M20)="","",INDEX('潜水記録'!$I$5:$I$3004,$M20))) | I20: =IF($A20="","",IF(INDEX('潜水記録'!$X$5:$X$3004,$M20)="","",INDEX('潜水記録'!$X$5:$X$3004,$M20))) | J20: =IF($A20="","",IF(INDEX('潜水記録'!$O$5:$O$3004,$M20)="","",INDEX('潜水記録'!$O$5:$O$3004,$M20))) | K20: =IF($A20="","",IF(INDEX('潜水記録'!$P$5:$P$3004,$M20)="","",INDEX('潜水記録'!$P$5:$P$3004,$M20))) | L20: =IF($A20="","",IF(INDEX('潜水記録'!$Q$5:$Q$3004,$M20)="","",INDEX('潜水記録'!$Q$5:$Q$3004,$M20))) | M20: =IF($A20="","",MATCH($A20,'潜水記録'!$AG$5:$AG$3004,0))
A21: =IF(12<=$C$6,12,"") | B21: =IF($A21="","",IF(INDEX('潜水記録'!$A$5:$A$3004,$M21)="","",INDEX('潜水記録'!$A$5:$A$3004,$M21))) | C21: =IF($A21="","",IF(INDEX('潜水記録'!$D$5:$D$3004,$M21)="","",INDEX('潜水記録'!$D$5:$D$3004,$M21))) | D21: =IF($A21="","",IF(INDEX('潜水記録'!$E$5:$E$3004,$M21)="","",INDEX('潜水記録'!$E$5:$E$3004,$M21))) | E21: =IF($A21="","",IF(INDEX('潜水記録'!$F$5:$F$3004,$M21)="","",INDEX('潜水記録'!$F$5:$F$3004,$M21))) | F21: =IF($A21="","",IF(INDEX('潜水記録'!$G$5:$G$3004,$M21)="","",INDEX('潜水記録'!$G$5:$G$3004,$M21))) | G21: =IF($A21="","",IF(INDEX('潜水記録'!$H$5:$H$3004,$M21)="","",INDEX('潜水記録'!$H$5:$H$3004,$M21))) | H21: =IF($A21="","",IF(INDEX('潜水記録'!$I$5:$I$3004,$M21)="","",INDEX('潜水記録'!$I$5:$I$3004,$M21))) | I21: =IF($A21="","",IF(INDEX('潜水記録'!$X$5:$X$3004,$M21)="","",INDEX('潜水記録'!$X$5:$X$3004,$M21))) | J21: =IF($A21="","",IF(INDEX('潜水記録'!$O$5:$O$3004,$M21)="","",INDEX('潜水記録'!$O$5:$O$3004,$M21))) | K21: =IF($A21="","",IF(INDEX('潜水記録'!$P$5:$P$3004,$M21)="","",INDEX('潜水記録'!$P$5:$P$3004,$M21))) | L21: =IF($A21="","",IF(INDEX('潜水記録'!$Q$5:$Q$3004,$M21)="","",INDEX('潜水記録'!$Q$5:$Q$3004,$M21))) | M21: =IF($A21="","",MATCH($A21,'潜水記録'!$AG$5:$AG$3004,0))
A22: =IF(13<=$C$6,13,"") | B22: =IF($A22="","",IF(INDEX('潜水記録'!$A$5:$A$3004,$M22)="","",INDEX('潜水記録'!$A$5:$A$3004,$M22))) | C22: =IF($A22="","",IF(INDEX('潜水記録'!$D$5:$D$3004,$M22)="","",INDEX('潜水記録'!$D$5:$D$3004,$M22))) | D22: =IF($A22="","",IF(INDEX('潜水記録'!$E$5:$E$3004,$M22)="","",INDEX('潜水記録'!$E$5:$E$3004,$M22))) | E22: =IF($A22="","",IF(INDEX('潜水記録'!$F$5:$F$3004,$M22)="","",INDEX('潜水記録'!$F$5:$F$3004,$M22))) | F22: =IF($A22="","",IF(INDEX('潜水記録'!$G$5:$G$3004,$M22)="","",INDEX('潜水記録'!$G$5:$G$3004,$M22))) | G22: =IF($A22="","",IF(INDEX('潜水記録'!$H$5:$H$3004,$M22)="","",INDEX('潜水記録'!$H$5:$H$3004,$M22))) | H22: =IF($A22="","",IF(INDEX('潜水記録'!$I$5:$I$3004,$M22)="","",INDEX('潜水記録'!$I$5:$I$3004,$M22))) | I22: =IF($A22="","",IF(INDEX('潜水記録'!$X$5:$X$3004,$M22)="","",INDEX('潜水記録'!$X$5:$X$3004,$M22))) | J22: =IF($A22="","",IF(INDEX('潜水記録'!$O$5:$O$3004,$M22)="","",INDEX('潜水記録'!$O$5:$O$3004,$M22))) | K22: =IF($A22="","",IF(INDEX('潜水記録'!$P$5:$P$3004,$M22)="","",INDEX('潜水記録'!$P$5:$P$3004,$M22))) | L22: =IF($A22="","",IF(INDEX('潜水記録'!$Q$5:$Q$3004,$M22)="","",INDEX('潜水記録'!$Q$5:$Q$3004,$M22))) | M22: =IF($A22="","",MATCH($A22,'潜水記録'!$AG$5:$AG$3004,0))
A23: =IF(14<=$C$6,14,"") | B23: =IF($A23="","",IF(INDEX('潜水記録'!$A$5:$A$3004,$M23)="","",INDEX('潜水記録'!$A$5:$A$3004,$M23))) | C23: =IF($A23="","",IF(INDEX('潜水記録'!$D$5:$D$3004,$M23)="","",INDEX('潜水記録'!$D$5:$D$3004,$M23))) | D23: =IF($A23="","",IF(INDEX('潜水記録'!$E$5:$E$3004,$M23)="","",INDEX('潜水記録'!$E$5:$E$3004,$M23))) | E23: =IF($A23="","",IF(INDEX('潜水記録'!$F$5:$F$3004,$M23)="","",INDEX('潜水記録'!$F$5:$F$3004,$M23))) | F23: =IF($A23="","",IF(INDEX('潜水記録'!$G$5:$G$3004,$M23)="","",INDEX('潜水記録'!$G$5:$G$3004,$M23))) | G23: =IF($A23="","",IF(INDEX('潜水記録'!$H$5:$H$3004,$M23)="","",INDEX('潜水記録'!$H$5:$H$3004,$M23))) | H23: =IF($A23="","",IF(INDEX('潜水記録'!$I$5:$I$3004,$M23)="","",INDEX('潜水記録'!$I$5:$I$3004,$M23))) | I23: =IF($A23="","",IF(INDEX('潜水記録'!$X$5:$X$3004,$M23)="","",INDEX('潜水記録'!$X$5:$X$3004,$M23))) | J23: =IF($A23="","",IF(INDEX('潜水記録'!$O$5:$O$3004,$M23)="","",INDEX('潜水記録'!$O$5:$O$3004,$M23))) | K23: =IF($A23="","",IF(INDEX('潜水記録'!$P$5:$P$3004,$M23)="","",INDEX('潜水記録'!$P$5:$P$3004,$M23))) | L23: =IF($A23="","",IF(INDEX('潜水記録'!$Q$5:$Q$3004,$M23)="","",INDEX('潜水記録'!$Q$5:$Q$3004,$M23))) | M23: =IF($A23="","",MATCH($A23,'潜水記録'!$AG$5:$AG$3004,0))
A24: =IF(15<=$C$6,15,"") | B24: =IF($A24="","",IF(INDEX('潜水記録'!$A$5:$A$3004,$M24)="","",INDEX('潜水記録'!$A$5:$A$3004,$M24))) | C24: =IF($A24="","",IF(INDEX('潜水記録'!$D$5:$D$3004,$M24)="","",INDEX('潜水記録'!$D$5:$D$3004,$M24))) | D24: =IF($A24="","",IF(INDEX('潜水記録'!$E$5:$E$3004,$M24)="","",INDEX('潜水記録'!$E$5:$E$3004,$M24))) | E24: =IF($A24="","",IF(INDEX('潜水記録'!$F$5:$F$3004,$M24)="","",INDEX('潜水記録'!$F$5:$F$3004,$M24))) | F24: =IF($A24="","",IF(INDEX('潜水記録'!$G$5:$G$3004,$M24)="","",INDEX('潜水記録'!$G$5:$G$3004,$M24))) | G24: =IF($A24="","",IF(INDEX('潜水記録'!$H$5:$H$3004,$M24)="","",INDEX('潜水記録'!$H$5:$H$3004,$M24))) | H24: =IF($A24="","",IF(INDEX('潜水記録'!$I$5:$I$3004,$M24)="","",INDEX('潜水記録'!$I$5:$I$3004,$M24))) | I24: =IF($A24="","",IF(INDEX('潜水記録'!$X$5:$X$3004,$M24)="","",INDEX('潜水記録'!$X$5:$X$3004,$M24))) | J24: =IF($A24="","",IF(INDEX('潜水記録'!$O$5:$O$3004,$M24)="","",INDEX('潜水記録'!$O$5:$O$3004,$M24))) | K24: =IF($A24="","",IF(INDEX('潜水記録'!$P$5:$P$3004,$M24)="","",INDEX('潜水記録'!$P$5:$P$3004,$M24))) | L24: =IF($A24="","",IF(INDEX('潜水記録'!$Q$5:$Q$3004,$M24)="","",INDEX('潜水記録'!$Q$5:$Q$3004,$M24))) | M24: =IF($A24="","",MATCH($A24,'潜水記録'!$AG$5:$AG$3004,0))
A25: =IF(16<=$C$6,16,"") | B25: =IF($A25="","",IF(INDEX('潜水記録'!$A$5:$A$3004,$M25)="","",INDEX('潜水記録'!$A$5:$A$3004,$M25))) | C25: =IF($A25="","",IF(INDEX('潜水記録'!$D$5:$D$3004,$M25)="","",INDEX('潜水記録'!$D$5:$D$3004,$M25))) | D25: =IF($A25="","",IF(INDEX('潜水記録'!$E$5:$E$3004,$M25)="","",INDEX('潜水記録'!$E$5:$E$3004,$M25))) | E25: =IF($A25="","",IF(INDEX('潜水記録'!$F$5:$F$3004,$M25)="","",INDEX('潜水記録'!$F$5:$F$3004,$M25))) | F25: =IF($A25="","",IF(INDEX('潜水記録'!$G$5:$G$3004,$M25)="","",INDEX('潜水記録'!$G$5:$G$3004,$M25))) | G25: =IF($A25="","",IF(INDEX('潜水記録'!$H$5:$H$3004,$M25)="","",INDEX('潜水記録'!$H$5:$H$3004,$M25))) | H25: =IF($A25="","",IF(INDEX('潜水記録'!$I$5:$I$3004,$M25)="","",INDEX('潜水記録'!$I$5:$I$3004,$M25))) | I25: =IF($A25="","",IF(INDEX('潜水記録'!$X$5:$X$3004,$M25)="","",INDEX('潜水記録'!$X$5:$X$3004,$M25))) | J25: =IF($A25="","",IF(INDEX('潜水記録'!$O$5:$O$3004,$M25)="","",INDEX('潜水記録'!$O$5:$O$3004,$M25))) | K25: =IF($A25="","",IF(INDEX('潜水記録'!$P$5:$P$3004,$M25)="","",INDEX('潜水記録'!$P$5:$P$3004,$M25))) | L25: =IF($A25="","",IF(INDEX('潜水記録'!$Q$5:$Q$3004,$M25)="","",INDEX('潜水記録'!$Q$5:$Q$3004,$M25))) | M25: =IF($A25="","",MATCH($A25,'潜水記録'!$AG$5:$AG$3004,0))
A26: =IF(17<=$C$6,17,"") | B26: =IF($A26="","",IF(INDEX('潜水記録'!$A$5:$A$3004,$M26)="","",INDEX('潜水記録'!$A$5:$A$3004,$M26))) | C26: =IF($A26="","",IF(INDEX('潜水記録'!$D$5:$D$3004,$M26)="","",INDEX('潜水記録'!$D$5:$D$3004,$M26))) | D26: =IF($A26="","",IF(INDEX('潜水記録'!$E$5:$E$3004,$M26)="","",INDEX('潜水記録'!$E$5:$E$3004,$M26))) | E26: =IF($A26="","",IF(INDEX('潜水記録'!$F$5:$F$3004,$M26)="","",INDEX('潜水記録'!$F$5:$F$3004,$M26))) | F26: =IF($A26="","",IF(INDEX('潜水記録'!$G$5:$G$3004,$M26)="","",INDEX('潜水記録'!$G$5:$G$3004,$M26))) | G26: =IF($A26="","",IF(INDEX('潜水記録'!$H$5:$H$3004,$M26)="","",INDEX('潜水記録'!$H$5:$H$3004,$M26))) | H26: =IF($A26="","",IF(INDEX('潜水記録'!$I$5:$I$3004,$M26)="","",INDEX('潜水記録'!$I$5:$I$3004,$M26))) | I26: =IF($A26="","",IF(INDEX('潜水記録'!$X$5:$X$3004,$M26)="","",INDEX('潜水記録'!$X$5:$X$3004,$M26))) | J26: =IF($A26="","",IF(INDEX('潜水記録'!$O$5:$O$3004,$M26)="","",INDEX('潜水記録'!$O$5:$O$3004,$M26))) | K26: =IF($A26="","",IF(INDEX('潜水記録'!$P$5:$P$3004,$M26)="","",INDEX('潜水記録'!$P$5:$P$3004,$M26))) | L26: =IF($A26="","",IF(INDEX('潜水記録'!$Q$5:$Q$3004,$M26)="","",INDEX('潜水記録'!$Q$5:$Q$3004,$M26))) | M26: =IF($A26="","",MATCH($A26,'潜水記録'!$AG$5:$AG$3004,0))
A27: =IF(18<=$C$6,18,"") | B27: =IF($A27="","",IF(INDEX('潜水記録'!$A$5:$A$3004,$M27)="","",INDEX('潜水記録'!$A$5:$A$3004,$M27))) | C27: =IF($A27="","",IF(INDEX('潜水記録'!$D$5:$D$3004,$M27)="","",INDEX('潜水記録'!$D$5:$D$3004,$M27))) | D27: =IF($A27="","",IF(INDEX('潜水記録'!$E$5:$E$3004,$M27)="","",INDEX('潜水記録'!$E$5:$E$3004,$M27))) | E27: =IF($A27="","",IF(INDEX('潜水記録'!$F$5:$F$3004,$M27)="","",INDEX('潜水記録'!$F$5:$F$3004,$M27))) | F27: =IF($A27="","",IF(INDEX('潜水記録'!$G$5:$G$3004,$M27)="","",INDEX('潜水記録'!$G$5:$G$3004,$M27))) | G27: =IF($A27="","",IF(INDEX('潜水記録'!$H$5:$H$3004,$M27)="","",INDEX('潜水記録'!$H$5:$H$3004,$M27))) | H27: =IF($A27="","",IF(INDEX('潜水記録'!$I$5:$I$3004,$M27)="","",INDEX('潜水記録'!$I$5:$I$3004,$M27))) | I27: =IF($A27="","",IF(INDEX('潜水記録'!$X$5:$X$3004,$M27)="","",INDEX('潜水記録'!$X$5:$X$3004,$M27))) | J27: =IF($A27="","",IF(INDEX('潜水記録'!$O$5:$O$3004,$M27)="","",INDEX('潜水記録'!$O$5:$O$3004,$M27))) | K27: =IF($A27="","",IF(INDEX('潜水記録'!$P$5:$P$3004,$M27)="","",INDEX('潜水記録'!$P$5:$P$3004,$M27))) | L27: =IF($A27="","",IF(INDEX('潜水記録'!$Q$5:$Q$3004,$M27)="","",INDEX('潜水記録'!$Q$5:$Q$3004,$M27))) | M27: =IF($A27="","",MATCH($A27,'潜水記録'!$AG$5:$AG$3004,0))
A28: =IF(19<=$C$6,19,"") | B28: =IF($A28="","",IF(INDEX('潜水記録'!$A$5:$A$3004,$M28)="","",INDEX('潜水記録'!$A$5:$A$3004,$M28))) | C28: =IF($A28="","",IF(INDEX('潜水記録'!$D$5:$D$3004,$M28)="","",INDEX('潜水記録'!$D$5:$D$3004,$M28))) | D28: =IF($A28="","",IF(INDEX('潜水記録'!$E$5:$E$3004,$M28)="","",INDEX('潜水記録'!$E$5:$E$3004,$M28))) | E28: =IF($A28="","",IF(INDEX('潜水記録'!$F$5:$F$3004,$M28)="","",INDEX('潜水記録'!$F$5:$F$3004,$M28))) | F28: =IF($A28="","",IF(INDEX('潜水記録'!$G$5:$G$3004,$M28)="","",INDEX('潜水記録'!$G$5:$G$3004,$M28))) | G28: =IF($A28="","",IF(INDEX('潜水記録'!$H$5:$H$3004,$M28)="","",INDEX('潜水記録'!$H$5:$H$3004,$M28))) | H28: =IF($A28="","",IF(INDEX('潜水記録'!$I$5:$I$3004,$M28)="","",INDEX('潜水記録'!$I$5:$I$3004,$M28))) | I28: =IF($A28="","",IF(INDEX('潜水記録'!$X$5:$X$3004,$M28)="","",INDEX('潜水記録'!$X$5:$X$3004,$M28))) | J28: =IF($A28="","",IF(INDEX('潜水記録'!$O$5:$O$3004,$M28)="","",INDEX('潜水記録'!$O$5:$O$3004,$M28))) | K28: =IF($A28="","",IF(INDEX('潜水記録'!$P$5:$P$3004,$M28)="","",INDEX('潜水記録'!$P$5:$P$3004,$M28))) | L28: =IF($A28="","",IF(INDEX('潜水記録'!$Q$5:$Q$3004,$M28)="","",INDEX('潜水記録'!$Q$5:$Q$3004,$M28))) | M28: =IF($A28="","",MATCH($A28,'潜水記録'!$AG$5:$AG$3004,0))
A29: =IF(20<=$C$6,20,"") | B29: =IF($A29="","",IF(INDEX('潜水記録'!$A$5:$A$3004,$M29)="","",INDEX('潜水記録'!$A$5:$A$3004,$M29))) | C29: =IF($A29="","",IF(INDEX('潜水記録'!$D$5:$D$3004,$M29)="","",INDEX('潜水記録'!$D$5:$D$3004,$M29))) | D29: =IF($A29="","",IF(INDEX('潜水記録'!$E$5:$E$3004,$M29)="","",INDEX('潜水記録'!$E$5:$E$3004,$M29))) | E29: =IF($A29="","",IF(INDEX('潜水記録'!$F$5:$F$3004,$M29)="","",INDEX('潜水記録'!$F$5:$F$3004,$M29))) | F29: =IF($A29="","",IF(INDEX('潜水記録'!$G$5:$G$3004,$M29)="","",INDEX('潜水記録'!$G$5:$G$3004,$M29))) | G29: =IF($A29="","",IF(INDEX('潜水記録'!$H$5:$H$3004,$M29)="","",INDEX('潜水記録'!$H$5:$H$3004,$M29))) | H29: =IF($A29="","",IF(INDEX('潜水記録'!$I$5:$I$3004,$M29)="","",INDEX('潜水記録'!$I$5:$I$3004,$M29))) | I29: =IF($A29="","",IF(INDEX('潜水記録'!$X$5:$X$3004,$M29)="","",INDEX('潜水記録'!$X$5:$X$3004,$M29))) | J29: =IF($A29="","",IF(INDEX('潜水記録'!$O$5:$O$3004,$M29)="","",INDEX('潜水記録'!$O$5:$O$3004,$M29))) | K29: =IF($A29="","",IF(INDEX('潜水記録'!$P$5:$P$3004,$M29)="","",INDEX('潜水記録'!$P$5:$P$3004,$M29))) | L29: =IF($A29="","",IF(INDEX('潜水記録'!$Q$5:$Q$3004,$M29)="","",INDEX('潜水記録'!$Q$5:$Q$3004,$M29))) | M29: =IF($A29="","",MATCH($A29,'潜水記録'!$AG$5:$AG$3004,0))
A30: =IF(21<=$C$6,21,"") | B30: =IF($A30="","",IF(INDEX('潜水記録'!$A$5:$A$3004,$M30)="","",INDEX('潜水記録'!$A$5:$A$3004,$M30))) | C30: =IF($A30="","",IF(INDEX('潜水記録'!$D$5:$D$3004,$M30)="","",INDEX('潜水記録'!$D$5:$D$3004,$M30))) | D30: =IF($A30="","",IF(INDEX('潜水記録'!$E$5:$E$3004,$M30)="","",INDEX('潜水記録'!$E$5:$E$3004,$M30))) | E30: =IF($A30="","",IF(INDEX('潜水記録'!$F$5:$F$3004,$M30)="","",INDEX('潜水記録'!$F$5:$F$3004,$M30))) | F30: =IF($A30="","",IF(INDEX('潜水記録'!$G$5:$G$3004,$M30)="","",INDEX('潜水記録'!$G$5:$G$3004,$M30))) | G30: =IF($A30="","",IF(INDEX('潜水記録'!$H$5:$H$3004,$M30)="","",INDEX('潜水記録'!$H$5:$H$3004,$M30))) | H30: =IF($A30="","",IF(INDEX('潜水記録'!$I$5:$I$3004,$M30)="","",INDEX('潜水記録'!$I$5:$I$3004,$M30))) | I30: =IF($A30="","",IF(INDEX('潜水記録'!$X$5:$X$3004,$M30)="","",INDEX('潜水記録'!$X$5:$X$3004,$M30))) | J30: =IF($A30="","",IF(INDEX('潜水記録'!$O$5:$O$3004,$M30)="","",INDEX('潜水記録'!$O$5:$O$3004,$M30))) | K30: =IF($A30="","",IF(INDEX('潜水記録'!$P$5:$P$3004,$M30)="","",INDEX('潜水記録'!$P$5:$P$3004,$M30))) | L30: =IF($A30="","",IF(INDEX('潜水記録'!$Q$5:$Q$3004,$M30)="","",INDEX('潜水記録'!$Q$5:$Q$3004,$M30))) | M30: =IF($A30="","",MATCH($A30,'潜水記録'!$AG$5:$AG$3004,0))
A31: =IF(22<=$C$6,22,"") | B31: =IF($A31="","",IF(INDEX('潜水記録'!$A$5:$A$3004,$M31)="","",INDEX('潜水記録'!$A$5:$A$3004,$M31))) | C31: =IF($A31="","",IF(INDEX('潜水記録'!$D$5:$D$3004,$M31)="","",INDEX('潜水記録'!$D$5:$D$3004,$M31))) | D31: =IF($A31="","",IF(INDEX('潜水記録'!$E$5:$E$3004,$M31)="","",INDEX('潜水記録'!$E$5:$E$3004,$M31))) | E31: =IF($A31="","",IF(INDEX('潜水記録'!$F$5:$F$3004,$M31)="","",INDEX('潜水記録'!$F$5:$F$3004,$M31))) | F31: =IF($A31="","",IF(INDEX('潜水記録'!$G$5:$G$3004,$M31)="","",INDEX('潜水記録'!$G$5:$G$3004,$M31))) | G31: =IF($A31="","",IF(INDEX('潜水記録'!$H$5:$H$3004,$M31)="","",INDEX('潜水記録'!$H$5:$H$3004,$M31))) | H31: =IF($A31="","",IF(INDEX('潜水記録'!$I$5:$I$3004,$M31)="","",INDEX('潜水記録'!$I$5:$I$3004,$M31))) | I31: =IF($A31="","",IF(INDEX('潜水記録'!$X$5:$X$3004,$M31)="","",INDEX('潜水記録'!$X$5:$X$3004,$M31))) | J31: =IF($A31="","",IF(INDEX('潜水記録'!$O$5:$O$3004,$M31)="","",INDEX('潜水記録'!$O$5:$O$3004,$M31))) | K31: =IF($A31="","",IF(INDEX('潜水記録'!$P$5:$P$3004,$M31)="","",INDEX('潜水記録'!$P$5:$P$3004,$M31))) | L31: =IF($A31="","",IF(INDEX('潜水記録'!$Q$5:$Q$3004,$M31)="","",INDEX('潜水記録'!$Q$5:$Q$3004,$M31))) | M31: =IF($A31="","",MATCH($A31,'潜水記録'!$AG$5:$AG$3004,0))
A32: =IF(23<=$C$6,23,"") | B32: =IF($A32="","",IF(INDEX('潜水記録'!$A$5:$A$3004,$M32)="","",INDEX('潜水記録'!$A$5:$A$3004,$M32))) | C32: =IF($A32="","",IF(INDEX('潜水記録'!$D$5:$D$3004,$M32)="","",INDEX('潜水記録'!$D$5:$D$3004,$M32))) | D32: =IF($A32="","",IF(INDEX('潜水記録'!$E$5:$E$3004,$M32)="","",INDEX('潜水記録'!$E$5:$E$3004,$M32))) | E32: =IF($A32="","",IF(INDEX('潜水記録'!$F$5:$F$3004,$M32)="","",INDEX('潜水記録'!$F$5:$F$3004,$M32))) | F32: =IF($A32="","",IF(INDEX('潜水記録'!$G$5:$G$3004,$M32)="","",INDEX('潜水記録'!$G$5:$G$3004,$M32))) | G32: =IF($A32="","",IF(INDEX('潜水記録'!$H$5:$H$3004,$M32)="","",INDEX('潜水記録'!$H$5:$H$3004,$M32))) | H32: =IF($A32="","",IF(INDEX('潜水記録'!$I$5:$I$3004,$M32)="","",INDEX('潜水記録'!$I$5:$I$3004,$M32))) | I32: =IF($A32="","",IF(INDEX('潜水記録'!$X$5:$X$3004,$M32)="","",INDEX('潜水記録'!$X$5:$X$3004,$M32))) | J32: =IF($A32="","",IF(INDEX('潜水記録'!$O$5:$O$3004,$M32)="","",INDEX('潜水記録'!$O$5:$O$3004,$M32))) | K32: =IF($A32="","",IF(INDEX('潜水記録'!$P$5:$P$3004,$M32)="","",INDEX('潜水記録'!$P$5:$P$3004,$M32))) | L32: =IF($A32="","",IF(INDEX('潜水記録'!$Q$5:$Q$3004,$M32)="","",INDEX('潜水記録'!$Q$5:$Q$3004,$M32))) | M32: =IF($A32="","",MATCH($A32,'潜水記録'!$AG$5:$AG$3004,0))
A33: =IF(24<=$C$6,24,"") | B33: =IF($A33="","",IF(INDEX('潜水記録'!$A$5:$A$3004,$M33)="","",INDEX('潜水記録'!$A$5:$A$3004,$M33))) | C33: =IF($A33="","",IF(INDEX('潜水記録'!$D$5:$D$3004,$M33)="","",INDEX('潜水記録'!$D$5:$D$3004,$M33))) | D33: =IF($A33="","",IF(INDEX('潜水記録'!$E$5:$E$3004,$M33)="","",INDEX('潜水記録'!$E$5:$E$3004,$M33))) | E33: =IF($A33="","",IF(INDEX('潜水記録'!$F$5:$F$3004,$M33)="","",INDEX('潜水記録'!$F$5:$F$3004,$M33))) | F33: =IF($A33="","",IF(INDEX('潜水記録'!$G$5:$G$3004,$M33)="","",INDEX('潜水記録'!$G$5:$G$3004,$M33))) | G33: =IF($A33="","",IF(INDEX('潜水記録'!$H$5:$H$3004,$M33)="","",INDEX('潜水記録'!$H$5:$H$3004,$M33))) | H33: =IF($A33="","",IF(INDEX('潜水記録'!$I$5:$I$3004,$M33)="","",INDEX('潜水記録'!$I$5:$I$3004,$M33))) | I33: =IF($A33="","",IF(INDEX('潜水記録'!$X$5:$X$3004,$M33)="","",INDEX('潜水記録'!$X$5:$X$3004,$M33))) | J33: =IF($A33="","",IF(INDEX('潜水記録'!$O$5:$O$3004,$M33)="","",INDEX('潜水記録'!$O$5:$O$3004,$M33))) | K33: =IF($A33="","",IF(INDEX('潜水記録'!$P$5:$P$3004,$M33)="","",INDEX('潜水記録'!$P$5:$P$3004,$M33))) | L33: =IF($A33="","",IF(INDEX('潜水記録'!$Q$5:$Q$3004,$M33)="","",INDEX('潜水記録'!$Q$5:$Q$3004,$M33))) | M33: =IF($A33="","",MATCH($A33,'潜水記録'!$AG$5:$AG$3004,0))
A34: =IF(25<=$C$6,25,"") | B34: =IF($A34="","",IF(INDEX('潜水記録'!$A$5:$A$3004,$M34)="","",INDEX('潜水記録'!$A$5:$A$3004,$M34))) | C34: =IF($A34="","",IF(INDEX('潜水記録'!$D$5:$D$3004,$M34)="","",INDEX('潜水記録'!$D$5:$D$3004,$M34))) | D34: =IF($A34="","",IF(INDEX('潜水記録'!$E$5:$E$3004,$M34)="","",INDEX('潜水記録'!$E$5:$E$3004,$M34))) | E34: =IF($A34="","",IF(INDEX('潜水記録'!$F$5:$F$3004,$M34)="","",INDEX('潜水記録'!$F$5:$F$3004,$M34))) | F34: =IF($A34="","",IF(INDEX('潜水記録'!$G$5:$G$3004,$M34)="","",INDEX('潜水記録'!$G$5:$G$3004,$M34))) | G34: =IF($A34="","",IF(INDEX('潜水記録'!$H$5:$H$3004,$M34)="","",INDEX('潜水記録'!$H$5:$H$3004,$M34))) | H34: =IF($A34="","",IF(INDEX('潜水記録'!$I$5:$I$3004,$M34)="","",INDEX('潜水記録'!$I$5:$I$3004,$M34))) | I34: =IF($A34="","",IF(INDEX('潜水記録'!$X$5:$X$3004,$M34)="","",INDEX('潜水記録'!$X$5:$X$3004,$M34))) | J34: =IF($A34="","",IF(INDEX('潜水記録'!$O$5:$O$3004,$M34)="","",INDEX('潜水記録'!$O$5:$O$3004,$M34))) | K34: =IF($A34="","",IF(INDEX('潜水記録'!$P$5:$P$3004,$M34)="","",INDEX('潜水記録'!$P$5:$P$3004,$M34))) | L34: =IF($A34="","",IF(INDEX('潜水記録'!$Q$5:$Q$3004,$M34)="","",INDEX('潜水記録'!$Q$5:$Q$3004,$M34))) | M34: =IF($A34="","",MATCH($A34,'潜水記録'!$AG$5:$AG$3004,0))
A35: =IF(26<=$C$6,26,"") | B35: =IF($A35="","",IF(INDEX('潜水記録'!$A$5:$A$3004,$M35)="","",INDEX('潜水記録'!$A$5:$A$3004,$M35))) | C35: =IF($A35="","",IF(INDEX('潜水記録'!$D$5:$D$3004,$M35)="","",INDEX('潜水記録'!$D$5:$D$3004,$M35))) | D35: =IF($A35="","",IF(INDEX('潜水記録'!$E$5:$E$3004,$M35)="","",INDEX('潜水記録'!$E$5:$E$3004,$M35))) | E35: =IF($A35="","",IF(INDEX('潜水記録'!$F$5:$F$3004,$M35)="","",INDEX('潜水記録'!$F$5:$F$3004,$M35))) | F35: =IF($A35="","",IF(INDEX('潜水記録'!$G$5:$G$3004,$M35)="","",INDEX('潜水記録'!$G$5:$G$3004,$M35))) | G35: =IF($A35="","",IF(INDEX('潜水記録'!$H$5:$H$3004,$M35)="","",INDEX('潜水記録'!$H$5:$H$3004,$M35))) | H35: =IF($A35="","",IF(INDEX('潜水記録'!$I$5:$I$3004,$M35)="","",INDEX('潜水記録'!$I$5:$I$3004,$M35))) | I35: =IF($A35="","",IF(INDEX('潜水記録'!$X$5:$X$3004,$M35)="","",INDEX('潜水記録'!$X$5:$X$3004,$M35))) | J35: =IF($A35="","",IF(INDEX('潜水記録'!$O$5:$O$3004,$M35)="","",INDEX('潜水記録'!$O$5:$O$3004,$M35))) | K35: =IF($A35="","",IF(INDEX('潜水記録'!$P$5:$P$3004,$M35)="","",INDEX('潜水記録'!$P$5:$P$3004,$M35))) | L35: =IF($A35="","",IF(INDEX('潜水記録'!$Q$5:$Q$3004,$M35)="","",INDEX('潜水記録'!$Q$5:$Q$3004,$M35))) | M35: =IF($A35="","",MATCH($A35,'潜水記録'!$AG$5:$AG$3004,0))
A36: =IF(27<=$C$6,27,"") | B36: =IF($A36="","",IF(INDEX('潜水記録'!$A$5:$A$3004,$M36)="","",INDEX('潜水記録'!$A$5:$A$3004,$M36))) | C36: =IF($A36="","",IF(INDEX('潜水記録'!$D$5:$D$3004,$M36)="","",INDEX('潜水記録'!$D$5:$D$3004,$M36))) | D36: =IF($A36="","",IF(INDEX('潜水記録'!$E$5:$E$3004,$M36)="","",INDEX('潜水記録'!$E$5:$E$3004,$M36))) | E36: =IF($A36="","",IF(INDEX('潜水記録'!$F$5:$F$3004,$M36)="","",INDEX('潜水記録'!$F$5:$F$3004,$M36))) | F36: =IF($A36="","",IF(INDEX('潜水記録'!$G$5:$G$3004,$M36)="","",INDEX('潜水記録'!$G$5:$G$3004,$M36))) | G36: =IF($A36="","",IF(INDEX('潜水記録'!$H$5:$H$3004,$M36)="","",INDEX('潜水記録'!$H$5:$H$3004,$M36))) | H36: =IF($A36="","",IF(INDEX('潜水記録'!$I$5:$I$3004,$M36)="","",INDEX('潜水記録'!$I$5:$I$3004,$M36))) | I36: =IF($A36="","",IF(INDEX('潜水記録'!$X$5:$X$3004,$M36)="","",INDEX('潜水記録'!$X$5:$X$3004,$M36))) | J36: =IF($A36="","",IF(INDEX('潜水記録'!$O$5:$O$3004,$M36)="","",INDEX('潜水記録'!$O$5:$O$3004,$M36))) | K36: =IF($A36="","",IF(INDEX('潜水記録'!$P$5:$P$3004,$M36)="","",INDEX('潜水記録'!$P$5:$P$3004,$M36))) | L36: =IF($A36="","",IF(INDEX('潜水記録'!$Q$5:$Q$3004,$M36)="","",INDEX('潜水記録'!$Q$5:$Q$3004,$M36))) | M36: =IF($A36="","",MATCH($A36,'潜水記録'!$AG$5:$AG$3004,0))
A37: =IF(28<=$C$6,28,"") | B37: =IF($A37="","",IF(INDEX('潜水記録'!$A$5:$A$3004,$M37)="","",INDEX('潜水記録'!$A$5:$A$3004,$M37))) | C37: =IF($A37="","",IF(INDEX('潜水記録'!$D$5:$D$3004,$M37)="","",INDEX('潜水記録'!$D$5:$D$3004,$M37))) | D37: =IF($A37="","",IF(INDEX('潜水記録'!$E$5:$E$3004,$M37)="","",INDEX('潜水記録'!$E$5:$E$3004,$M37))) | E37: =IF($A37="","",IF(INDEX('潜水記録'!$F$5:$F$3004,$M37)="","",INDEX('潜水記録'!$F$5:$F$3004,$M37))) | F37: =IF($A37="","",IF(INDEX('潜水記録'!$G$5:$G$3004,$M37)="","",INDEX('潜水記録'!$G$5:$G$3004,$M37))) | G37: =IF($A37="","",IF(INDEX('潜水記録'!$H$5:$H$3004,$M37)="","",INDEX('潜水記録'!$H$5:$H$3004,$M37))) | H37: =IF($A37="","",IF(INDEX('潜水記録'!$I$5:$I$3004,$M37)="","",INDEX('潜水記録'!$I$5:$I$3004,$M37))) | I37: =IF($A37="","",IF(INDEX('潜水記録'!$X$5:$X$3004,$M37)="","",INDEX('潜水記録'!$X$5:$X$3004,$M37))) | J37: =IF($A37="","",IF(INDEX('潜水記録'!$O$5:$O$3004,$M37)="","",INDEX('潜水記録'!$O$5:$O$3004,$M37))) | K37: =IF($A37="","",IF(INDEX('潜水記録'!$P$5:$P$3004,$M37)="","",INDEX('潜水記録'!$P$5:$P$3004,$M37))) | L37: =IF($A37="","",IF(INDEX('潜水記録'!$Q$5:$Q$3004,$M37)="","",INDEX('潜水記録'!$Q$5:$Q$3004,$M37))) | M37: =IF($A37="","",MATCH($A37,'潜水記録'!$AG$5:$AG$3004,0))
A38: =IF(29<=$C$6,29,"") | B38: =IF($A38="","",IF(INDEX('潜水記録'!$A$5:$A$3004,$M38)="","",INDEX('潜水記録'!$A$5:$A$3004,$M38))) | C38: =IF($A38="","",IF(INDEX('潜水記録'!$D$5:$D$3004,$M38)="","",INDEX('潜水記録'!$D$5:$D$3004,$M38))) | D38: =IF($A38="","",IF(INDEX('潜水記録'!$E$5:$E$3004,$M38)="","",INDEX('潜水記録'!$E$5:$E$3004,$M38))) | E38: =IF($A38="","",IF(INDEX('潜水記録'!$F$5:$F$3004,$M38)="","",INDEX('潜水記録'!$F$5:$F$3004,$M38))) | F38: =IF($A38="","",IF(INDEX('潜水記録'!$G$5:$G$3004,$M38)="","",INDEX('潜水記録'!$G$5:$G$3004,$M38))) | G38: =IF($A38="","",IF(INDEX('潜水記録'!$H$5:$H$3004,$M38)="","",INDEX('潜水記録'!$H$5:$H$3004,$M38))) | H38: =IF($A38="","",IF(INDEX('潜水記録'!$I$5:$I$3004,$M38)="","",INDEX('潜水記録'!$I$5:$I$3004,$M38))) | I38: =IF($A38="","",IF(INDEX('潜水記録'!$X$5:$X$3004,$M38)="","",INDEX('潜水記録'!$X$5:$X$3004,$M38))) | J38: =IF($A38="","",IF(INDEX('潜水記録'!$O$5:$O$3004,$M38)="","",INDEX('潜水記録'!$O$5:$O$3004,$M38))) | K38: =IF($A38="","",IF(INDEX('潜水記録'!$P$5:$P$3004,$M38)="","",INDEX('潜水記録'!$P$5:$P$3004,$M38))) | L38: =IF($A38="","",IF(INDEX('潜水記録'!$Q$5:$Q$3004,$M38)="","",INDEX('潜水記録'!$Q$5:$Q$3004,$M38))) | M38: =IF($A38="","",MATCH($A38,'潜水記録'!$AG$5:$AG$3004,0))
A39: =IF(30<=$C$6,30,"") | B39: =IF($A39="","",IF(INDEX('潜水記録'!$A$5:$A$3004,$M39)="","",INDEX('潜水記録'!$A$5:$A$3004,$M39))) | C39: =IF($A39="","",IF(INDEX('潜水記録'!$D$5:$D$3004,$M39)="","",INDEX('潜水記録'!$D$5:$D$3004,$M39))) | D39: =IF($A39="","",IF(INDEX('潜水記録'!$E$5:$E$3004,$M39)="","",INDEX('潜水記録'!$E$5:$E$3004,$M39))) | E39: =IF($A39="","",IF(INDEX('潜水記録'!$F$5:$F$3004,$M39)="","",INDEX('潜水記録'!$F$5:$F$3004,$M39))) | F39: =IF($A39="","",IF(INDEX('潜水記録'!$G$5:$G$3004,$M39)="","",INDEX('潜水記録'!$G$5:$G$3004,$M39))) | G39: =IF($A39="","",IF(INDEX('潜水記録'!$H$5:$H$3004,$M39)="","",INDEX('潜水記録'!$H$5:$H$3004,$M39))) | H39: =IF($A39="","",IF(INDEX('潜水記録'!$I$5:$I$3004,$M39)="","",INDEX('潜水記録'!$I$5:$I$3004,$M39))) | I39: =IF($A39="","",IF(INDEX('潜水記録'!$X$5:$X$3004,$M39)="","",INDEX('潜水記録'!$X$5:$X$3004,$M39))) | J39: =IF($A39="","",IF(INDEX('潜水記録'!$O$5:$O$3004,$M39)="","",INDEX('潜水記録'!$O$5:$O$3004,$M39))) | K39: =IF($A39="","",IF(INDEX('潜水記録'!$P$5:$P$3004,$M39)="","",INDEX('潜水記録'!$P$5:$P$3004,$M39))) | L39: =IF($A39="","",IF(INDEX('潜水記録'!$Q$5:$Q$3004,$M39)="","",INDEX('潜水記録'!$Q$5:$Q$3004,$M39))) | M39: =IF($A39="","",MATCH($A39,'潜水記録'!$AG$5:$AG$3004,0))
A40: =IF(31<=$C$6,31,"") | B40: =IF($A40="","",IF(INDEX('潜水記録'!$A$5:$A$3004,$M40)="","",INDEX('潜水記録'!$A$5:$A$3004,$M40))) | C40: =IF($A40="","",IF(INDEX('潜水記録'!$D$5:$D$3004,$M40)="","",INDEX('潜水記録'!$D$5:$D$3004,$M40))) | D40: =IF($A40="","",IF(INDEX('潜水記録'!$E$5:$E$3004,$M40)="","",INDEX('潜水記録'!$E$5:$E$3004,$M40))) | E40: =IF($A40="","",IF(INDEX('潜水記録'!$F$5:$F$3004,$M40)="","",INDEX('潜水記録'!$F$5:$F$3004,$M40))) | F40: =IF($A40="","",IF(INDEX('潜水記録'!$G$5:$G$3004,$M40)="","",INDEX('潜水記録'!$G$5:$G$3004,$M40))) | G40: =IF($A40="","",IF(INDEX('潜水記録'!$H$5:$H$3004,$M40)="","",INDEX('潜水記録'!$H$5:$H$3004,$M40))) | H40: =IF($A40="","",IF(INDEX('潜水記録'!$I$5:$I$3004,$M40)="","",INDEX('潜水記録'!$I$5:$I$3004,$M40))) | I40: =IF($A40="","",IF(INDEX('潜水記録'!$X$5:$X$3004,$M40)="","",INDEX('潜水記録'!$X$5:$X$3004,$M40))) | J40: =IF($A40="","",IF(INDEX('潜水記録'!$O$5:$O$3004,$M40)="","",INDEX('潜水記録'!$O$5:$O$3004,$M40))) | K40: =IF($A40="","",IF(INDEX('潜水記録'!$P$5:$P$3004,$M40)="","",INDEX('潜水記録'!$P$5:$P$3004,$M40))) | L40: =IF($A40="","",IF(INDEX('潜水記録'!$Q$5:$Q$3004,$M40)="","",INDEX('潜水記録'!$Q$5:$Q$3004,$M40))) | M40: =IF($A40="","",MATCH($A40,'潜水記録'!$AG$5:$AG$3004,0))
A41: =IF(32<=$C$6,32,"") | B41: =IF($A41="","",IF(INDEX('潜水記録'!$A$5:$A$3004,$M41)="","",INDEX('潜水記録'!$A$5:$A$3004,$M41))) | C41: =IF($A41="","",IF(INDEX('潜水記録'!$D$5:$D$3004,$M41)="","",INDEX('潜水記録'!$D$5:$D$3004,$M41))) | D41: =IF($A41="","",IF(INDEX('潜水記録'!$E$5:$E$3004,$M41)="","",INDEX('潜水記録'!$E$5:$E$3004,$M41))) | E41: =IF($A41="","",IF(INDEX('潜水記録'!$F$5:$F$3004,$M41)="","",INDEX('潜水記録'!$F$5:$F$3004,$M41))) | F41: =IF($A41="","",IF(INDEX('潜水記録'!$G$5:$G$3004,$M41)="","",INDEX('潜水記録'!$G$5:$G$3004,$M41))) | G41: =IF($A41="","",IF(INDEX('潜水記録'!$H$5:$H$3004,$M41)="","",INDEX('潜水記録'!$H$5:$H$3004,$M41))) | H41: =IF($A41="","",IF(INDEX('潜水記録'!$I$5:$I$3004,$M41)="","",INDEX('潜水記録'!$I$5:$I$3004,$M41))) | I41: =IF($A41="","",IF(INDEX('潜水記録'!$X$5:$X$3004,$M41)="","",INDEX('潜水記録'!$X$5:$X$3004,$M41))) | J41: =IF($A41="","",IF(INDEX('潜水記録'!$O$5:$O$3004,$M41)="","",INDEX('潜水記録'!$O$5:$O$3004,$M41))) | K41: =IF($A41="","",IF(INDEX('潜水記録'!$P$5:$P$3004,$M41)="","",INDEX('潜水記録'!$P$5:$P$3004,$M41))) | L41: =IF($A41="","",IF(INDEX('潜水記録'!$Q$5:$Q$3004,$M41)="","",INDEX('潜水記録'!$Q$5:$Q$3004,$M41))) | M41: =IF($A41="","",MATCH($A41,'潜水記録'!$AG$5:$AG$3004,0))
A42: =IF(33<=$C$6,33,"") | B42: =IF($A42="","",IF(INDEX('潜水記録'!$A$5:$A$3004,$M42)="","",INDEX('潜水記録'!$A$5:$A$3004,$M42))) | C42: =IF($A42="","",IF(INDEX('潜水記録'!$D$5:$D$3004,$M42)="","",INDEX('潜水記録'!$D$5:$D$3004,$M42))) | D42: =IF($A42="","",IF(INDEX('潜水記録'!$E$5:$E$3004,$M42)="","",INDEX('潜水記録'!$E$5:$E$3004,$M42))) | E42: =IF($A42="","",IF(INDEX('潜水記録'!$F$5:$F$3004,$M42)="","",INDEX('潜水記録'!$F$5:$F$3004,$M42))) | F42: =IF($A42="","",IF(INDEX('潜水記録'!$G$5:$G$3004,$M42)="","",INDEX('潜水記録'!$G$5:$G$3004,$M42))) | G42: =IF($A42="","",IF(INDEX('潜水記録'!$H$5:$H$3004,$M42)="","",INDEX('潜水記録'!$H$5:$H$3004,$M42))) | H42: =IF($A42="","",IF(INDEX('潜水記録'!$I$5:$I$3004,$M42)="","",INDEX('潜水記録'!$I$5:$I$3004,$M42))) | I42: =IF($A42="","",IF(INDEX('潜水記録'!$X$5:$X$3004,$M42)="","",INDEX('潜水記録'!$X$5:$X$3004,$M42))) | J42: =IF($A42="","",IF(INDEX('潜水記録'!$O$5:$O$3004,$M42)="","",INDEX('潜水記録'!$O$5:$O$3004,$M42))) | K42: =IF($A42="","",IF(INDEX('潜水記録'!$P$5:$P$3004,$M42)="","",INDEX('潜水記録'!$P$5:$P$3004,$M42))) | L42: =IF($A42="","",IF(INDEX('潜水記録'!$Q$5:$Q$3004,$M42)="","",INDEX('潜水記録'!$Q$5:$Q$3004,$M42))) | M42: =IF($A42="","",MATCH($A42,'潜水記録'!$AG$5:$AG$3004,0))
A43: =IF(34<=$C$6,34,"") | B43: =IF($A43="","",IF(INDEX('潜水記録'!$A$5:$A$3004,$M43)="","",INDEX('潜水記録'!$A$5:$A$3004,$M43))) | C43: =IF($A43="","",IF(INDEX('潜水記録'!$D$5:$D$3004,$M43)="","",INDEX('潜水記録'!$D$5:$D$3004,$M43))) | D43: =IF($A43="","",IF(INDEX('潜水記録'!$E$5:$E$3004,$M43)="","",INDEX('潜水記録'!$E$5:$E$3004,$M43))) | E43: =IF($A43="","",IF(INDEX('潜水記録'!$F$5:$F$3004,$M43)="","",INDEX('潜水記録'!$F$5:$F$3004,$M43))) | F43: =IF($A43="","",IF(INDEX('潜水記録'!$G$5:$G$3004,$M43)="","",INDEX('潜水記録'!$G$5:$G$3004,$M43))) | G43: =IF($A43="","",IF(INDEX('潜水記録'!$H$5:$H$3004,$M43)="","",INDEX('潜水記録'!$H$5:$H$3004,$M43))) | H43: =IF($A43="","",IF(INDEX('潜水記録'!$I$5:$I$3004,$M43)="","",INDEX('潜水記録'!$I$5:$I$3004,$M43))) | I43: =IF($A43="","",IF(INDEX('潜水記録'!$X$5:$X$3004,$M43)="","",INDEX('潜水記録'!$X$5:$X$3004,$M43))) | J43: =IF($A43="","",IF(INDEX('潜水記録'!$O$5:$O$3004,$M43)="","",INDEX('潜水記録'!$O$5:$O$3004,$M43))) | K43: =IF($A43="","",IF(INDEX('潜水記録'!$P$5:$P$3004,$M43)="","",INDEX('潜水記録'!$P$5:$P$3004,$M43))) | L43: =IF($A43="","",IF(INDEX('潜水記録'!$Q$5:$Q$3004,$M43)="","",INDEX('潜水記録'!$Q$5:$Q$3004,$M43))) | M43: =IF($A43="","",MATCH($A43,'潜水記録'!$AG$5:$AG$3004,0))
A44: =IF(35<=$C$6,35,"") | B44: =IF($A44="","",IF(INDEX('潜水記録'!$A$5:$A$3004,$M44)="","",INDEX('潜水記録'!$A$5:$A$3004,$M44))) | C44: =IF($A44="","",IF(INDEX('潜水記録'!$D$5:$D$3004,$M44)="","",INDEX('潜水記録'!$D$5:$D$3004,$M44))) | D44: =IF($A44="","",IF(INDEX('潜水記録'!$E$5:$E$3004,$M44)="","",INDEX('潜水記録'!$E$5:$E$3004,$M44))) | E44: =IF($A44="","",IF(INDEX('潜水記録'!$F$5:$F$3004,$M44)="","",INDEX('潜水記録'!$F$5:$F$3004,$M44))) | F44: =IF($A44="","",IF(INDEX('潜水記録'!$G$5:$G$3004,$M44)="","",INDEX('潜水記録'!$G$5:$G$3004,$M44))) | G44: =IF($A44="","",IF(INDEX('潜水記録'!$H$5:$H$3004,$M44)="","",INDEX('潜水記録'!$H$5:$H$3004,$M44))) | H44: =IF($A44="","",IF(INDEX('潜水記録'!$I$5:$I$3004,$M44)="","",INDEX('潜水記録'!$I$5:$I$3004,$M44))) | I44: =IF($A44="","",IF(INDEX('潜水記録'!$X$5:$X$3004,$M44)="","",INDEX('潜水記録'!$X$5:$X$3004,$M44))) | J44: =IF($A44="","",IF(INDEX('潜水記録'!$O$5:$O$3004,$M44)="","",INDEX('潜水記録'!$O$5:$O$3004,$M44))) | K44: =IF($A44="","",IF(INDEX('潜水記録'!$P$5:$P$3004,$M44)="","",INDEX('潜水記録'!$P$5:$P$3004,$M44))) | L44: =IF($A44="","",IF(INDEX('潜水記録'!$Q$5:$Q$3004,$M44)="","",INDEX('潜水記録'!$Q$5:$Q$3004,$M44))) | M44: =IF($A44="","",MATCH($A44,'潜水記録'!$AG$5:$AG$3004,0))
A45: =IF(36<=$C$6,36,"") | B45: =IF($A45="","",IF(INDEX('潜水記録'!$A$5:$A$3004,$M45)="","",INDEX('潜水記録'!$A$5:$A$3004,$M45))) | C45: =IF($A45="","",IF(INDEX('潜水記録'!$D$5:$D$3004,$M45)="","",INDEX('潜水記録'!$D$5:$D$3004,$M45))) | D45: =IF($A45="","",IF(INDEX('潜水記録'!$E$5:$E$3004,$M45)="","",INDEX('潜水記録'!$E$5:$E$3004,$M45))) | E45: =IF($A45="","",IF(INDEX('潜水記録'!$F$5:$F$3004,$M45)="","",INDEX('潜水記録'!$F$5:$F$3004,$M45))) | F45: =IF($A45="","",IF(INDEX('潜水記録'!$G$5:$G$3004,$M45)="","",INDEX('潜水記録'!$G$5:$G$3004,$M45))) | G45: =IF($A45="","",IF(INDEX('潜水記録'!$H$5:$H$3004,$M45)="","",INDEX('潜水記録'!$H$5:$H$3004,$M45))) | H45: =IF($A45="","",IF(INDEX('潜水記録'!$I$5:$I$3004,$M45)="","",INDEX('潜水記録'!$I$5:$I$3004,$M45))) | I45: =IF($A45="","",IF(INDEX('潜水記録'!$X$5:$X$3004,$M45)="","",INDEX('潜水記録'!$X$5:$X$3004,$M45))) | J45: =IF($A45="","",IF(INDEX('潜水記録'!$O$5:$O$3004,$M45)="","",INDEX('潜水記録'!$O$5:$O$3004,$M45))) | K45: =IF($A45="","",IF(INDEX('潜水記録'!$P$5:$P$3004,$M45)="","",INDEX('潜水記録'!$P$5:$P$3004,$M45))) | L45: =IF($A45="","",IF(INDEX('潜水記録'!$Q$5:$Q$3004,$M45)="","",INDEX('潜水記録'!$Q$5:$Q$3004,$M45))) | M45: =IF($A45="","",MATCH($A45,'潜水記録'!$AG$5:$AG$3004,0))
A46: =IF(37<=$C$6,37,"") | B46: =IF($A46="","",IF(INDEX('潜水記録'!$A$5:$A$3004,$M46)="","",INDEX('潜水記録'!$A$5:$A$3004,$M46))) | C46: =IF($A46="","",IF(INDEX('潜水記録'!$D$5:$D$3004,$M46)="","",INDEX('潜水記録'!$D$5:$D$3004,$M46))) | D46: =IF($A46="","",IF(INDEX('潜水記録'!$E$5:$E$3004,$M46)="","",INDEX('潜水記録'!$E$5:$E$3004,$M46))) | E46: =IF($A46="","",IF(INDEX('潜水記録'!$F$5:$F$3004,$M46)="","",INDEX('潜水記録'!$F$5:$F$3004,$M46))) | F46: =IF($A46="","",IF(INDEX('潜水記録'!$G$5:$G$3004,$M46)="","",INDEX('潜水記録'!$G$5:$G$3004,$M46))) | G46: =IF($A46="","",IF(INDEX('潜水記録'!$H$5:$H$3004,$M46)="","",INDEX('潜水記録'!$H$5:$H$3004,$M46))) | H46: =IF($A46="","",IF(INDEX('潜水記録'!$I$5:$I$3004,$M46)="","",INDEX('潜水記録'!$I$5:$I$3004,$M46))) | I46: =IF($A46="","",IF(INDEX('潜水記録'!$X$5:$X$3004,$M46)="","",INDEX('潜水記録'!$X$5:$X$3004,$M46))) | J46: =IF($A46="","",IF(INDEX('潜水記録'!$O$5:$O$3004,$M46)="","",INDEX('潜水記録'!$O$5:$O$3004,$M46))) | K46: =IF($A46="","",IF(INDEX('潜水記録'!$P$5:$P$3004,$M46)="","",INDEX('潜水記録'!$P$5:$P$3004,$M46))) | L46: =IF($A46="","",IF(INDEX('潜水記録'!$Q$5:$Q$3004,$M46)="","",INDEX('潜水記録'!$Q$5:$Q$3004,$M46))) | M46: =IF($A46="","",MATCH($A46,'潜水記録'!$AG$5:$AG$3004,0))
A47: =IF(38<=$C$6,38,"") | B47: =IF($A47="","",IF(INDEX('潜水記録'!$A$5:$A$3004,$M47)="","",INDEX('潜水記録'!$A$5:$A$3004,$M47))) | C47: =IF($A47="","",IF(INDEX('潜水記録'!$D$5:$D$3004,$M47)="","",INDEX('潜水記録'!$D$5:$D$3004,$M47))) | D47: =IF($A47="","",IF(INDEX('潜水記録'!$E$5:$E$3004,$M47)="","",INDEX('潜水記録'!$E$5:$E$3004,$M47))) | E47: =IF($A47="","",IF(INDEX('潜水記録'!$F$5:$F$3004,$M47)="","",INDEX('潜水記録'!$F$5:$F$3004,$M47))) | F47: =IF($A47="","",IF(INDEX('潜水記録'!$G$5:$G$3004,$M47)="","",INDEX('潜水記録'!$G$5:$G$3004,$M47))) | G47: =IF($A47="","",IF(INDEX('潜水記録'!$H$5:$H$3004,$M47)="","",INDEX('潜水記録'!$H$5:$H$3004,$M47))) | H47: =IF($A47="","",IF(INDEX('潜水記録'!$I$5:$I$3004,$M47)="","",INDEX('潜水記録'!$I$5:$I$3004,$M47))) | I47: =IF($A47="","",IF(INDEX('潜水記録'!$X$5:$X$3004,$M47)="","",INDEX('潜水記録'!$X$5:$X$3004,$M47))) | J47: =IF($A47="","",IF(INDEX('潜水記録'!$O$5:$O$3004,$M47)="","",INDEX('潜水記録'!$O$5:$O$3004,$M47))) | K47: =IF($A47="","",IF(INDEX('潜水記録'!$P$5:$P$3004,$M47)="","",INDEX('潜水記録'!$P$5:$P$3004,$M47))) | L47: =IF($A47="","",IF(INDEX('潜水記録'!$Q$5:$Q$3004,$M47)="","",INDEX('潜水記録'!$Q$5:$Q$3004,$M47))) | M47: =IF($A47="","",MATCH($A47,'潜水記録'!$AG$5:$AG$3004,0))
A48: =IF(39<=$C$6,39,"") | B48: =IF($A48="","",IF(INDEX('潜水記録'!$A$5:$A$3004,$M48)="","",INDEX('潜水記録'!$A$5:$A$3004,$M48))) | C48: =IF($A48="","",IF(INDEX('潜水記録'!$D$5:$D$3004,$M48)="","",INDEX('潜水記録'!$D$5:$D$3004,$M48))) | D48: =IF($A48="","",IF(INDEX('潜水記録'!$E$5:$E$3004,$M48)="","",INDEX('潜水記録'!$E$5:$E$3004,$M48))) | E48: =IF($A48="","",IF(INDEX('潜水記録'!$F$5:$F$3004,$M48)="","",INDEX('潜水記録'!$F$5:$F$3004,$M48))) | F48: =IF($A48="","",IF(INDEX('潜水記録'!$G$5:$G$3004,$M48)="","",INDEX('潜水記録'!$G$5:$G$3004,$M48))) | G48: =IF($A48="","",IF(INDEX('潜水記録'!$H$5:$H$3004,$M48)="","",INDEX('潜水記録'!$H$5:$H$3004,$M48))) | H48: =IF($A48="","",IF(INDEX('潜水記録'!$I$5:$I$3004,$M48)="","",INDEX('潜水記録'!$I$5:$I$3004,$M48))) | I48: =IF($A48="","",IF(INDEX('潜水記録'!$X$5:$X$3004,$M48)="","",INDEX('潜水記録'!$X$5:$X$3004,$M48))) | J48: =IF($A48="","",IF(INDEX('潜水記録'!$O$5:$O$3004,$M48)="","",INDEX('潜水記録'!$O$5:$O$3004,$M48))) | K48: =IF($A48="","",IF(INDEX('潜水記録'!$P$5:$P$3004,$M48)="","",INDEX('潜水記録'!$P$5:$P$3004,$M48))) | L48: =IF($A48="","",IF(INDEX('潜水記録'!$Q$5:$Q$3004,$M48)="","",INDEX('潜水記録'!$Q$5:$Q$3004,$M48))) | M48: =IF($A48="","",MATCH($A48,'潜水記録'!$AG$5:$AG$3004,0))
A49: =IF(40<=$C$6,40,"") | B49: =IF($A49="","",IF(INDEX('潜水記録'!$A$5:$A$3004,$M49)="","",INDEX('潜水記録'!$A$5:$A$3004,$M49))) | C49: =IF($A49="","",IF(INDEX('潜水記録'!$D$5:$D$3004,$M49)="","",INDEX('潜水記録'!$D$5:$D$3004,$M49))) | D49: =IF($A49="","",IF(INDEX('潜水記録'!$E$5:$E$3004,$M49)="","",INDEX('潜水記録'!$E$5:$E$3004,$M49))) | E49: =IF($A49="","",IF(INDEX('潜水記録'!$F$5:$F$3004,$M49)="","",INDEX('潜水記録'!$F$5:$F$3004,$M49))) | F49: =IF($A49="","",IF(INDEX('潜水記録'!$G$5:$G$3004,$M49)="","",INDEX('潜水記録'!$G$5:$G$3004,$M49))) | G49: =IF($A49="","",IF(INDEX('潜水記録'!$H$5:$H$3004,$M49)="","",INDEX('潜水記録'!$H$5:$H$3004,$M49))) | H49: =IF($A49="","",IF(INDEX('潜水記録'!$I$5:$I$3004,$M49)="","",INDEX('潜水記録'!$I$5:$I$3004,$M49))) | I49: =IF($A49="","",IF(INDEX('潜水記録'!$X$5:$X$3004,$M49)="","",INDEX('潜水記録'!$X$5:$X$3004,$M49))) | J49: =IF($A49="","",IF(INDEX('潜水記録'!$O$5:$O$3004,$M49)="","",INDEX('潜水記録'!$O$5:$O$3004,$M49))) | K49: =IF($A49="","",IF(INDEX('潜水記録'!$P$5:$P$3004,$M49)="","",INDEX('潜水記録'!$P$5:$P$3004,$M49))) | L49: =IF($A49="","",IF(INDEX('潜水記録'!$Q$5:$Q$3004,$M49)="","",INDEX('潜水記録'!$Q$5:$Q$3004,$M49))) | M49: =IF($A49="","",MATCH($A49,'潜水記録'!$AG$5:$AG$3004,0))
A50: =IF(41<=$C$6,41,"") | B50: =IF($A50="","",IF(INDEX('潜水記録'!$A$5:$A$3004,$M50)="","",INDEX('潜水記録'!$A$5:$A$3004,$M50))) | C50: =IF($A50="","",IF(INDEX('潜水記録'!$D$5:$D$3004,$M50)="","",INDEX('潜水記録'!$D$5:$D$3004,$M50))) | D50: =IF($A50="","",IF(INDEX('潜水記録'!$E$5:$E$3004,$M50)="","",INDEX('潜水記録'!$E$5:$E$3004,$M50))) | E50: =IF($A50="","",IF(INDEX('潜水記録'!$F$5:$F$3004,$M50)="","",INDEX('潜水記録'!$F$5:$F$3004,$M50))) | F50: =IF($A50="","",IF(INDEX('潜水記録'!$G$5:$G$3004,$M50)="","",INDEX('潜水記録'!$G$5:$G$3004,$M50))) | G50: =IF($A50="","",IF(INDEX('潜水記録'!$H$5:$H$3004,$M50)="","",INDEX('潜水記録'!$H$5:$H$3004,$M50))) | H50: =IF($A50="","",IF(INDEX('潜水記録'!$I$5:$I$3004,$M50)="","",INDEX('潜水記録'!$I$5:$I$3004,$M50))) | I50: =IF($A50="","",IF(INDEX('潜水記録'!$X$5:$X$3004,$M50)="","",INDEX('潜水記録'!$X$5:$X$3004,$M50))) | J50: =IF($A50="","",IF(INDEX('潜水記録'!$O$5:$O$3004,$M50)="","",INDEX('潜水記録'!$O$5:$O$3004,$M50))) | K50: =IF($A50="","",IF(INDEX('潜水記録'!$P$5:$P$3004,$M50)="","",INDEX('潜水記録'!$P$5:$P$3004,$M50))) | L50: =IF($A50="","",IF(INDEX('潜水記録'!$Q$5:$Q$3004,$M50)="","",INDEX('潜水記録'!$Q$5:$Q$3004,$M50))) | M50: =IF($A50="","",MATCH($A50,'潜水記録'!$AG$5:$AG$3004,0))
A51: =IF(42<=$C$6,42,"") | B51: =IF($A51="","",IF(INDEX('潜水記録'!$A$5:$A$3004,$M51)="","",INDEX('潜水記録'!$A$5:$A$3004,$M51))) | C51: =IF($A51="","",IF(INDEX('潜水記録'!$D$5:$D$3004,$M51)="","",INDEX('潜水記録'!$D$5:$D$3004,$M51))) | D51: =IF($A51="","",IF(INDEX('潜水記録'!$E$5:$E$3004,$M51)="","",INDEX('潜水記録'!$E$5:$E$3004,$M51))) | E51: =IF($A51="","",IF(INDEX('潜水記録'!$F$5:$F$3004,$M51)="","",INDEX('潜水記録'!$F$5:$F$3004,$M51))) | F51: =IF($A51="","",IF(INDEX('潜水記録'!$G$5:$G$3004,$M51)="","",INDEX('潜水記録'!$G$5:$G$3004,$M51))) | G51: =IF($A51="","",IF(INDEX('潜水記録'!$H$5:$H$3004,$M51)="","",INDEX('潜水記録'!$H$5:$H$3004,$M51))) | H51: =IF($A51="","",IF(INDEX('潜水記録'!$I$5:$I$3004,$M51)="","",INDEX('潜水記録'!$I$5:$I$3004,$M51))) | I51: =IF($A51="","",IF(INDEX('潜水記録'!$X$5:$X$3004,$M51)="","",INDEX('潜水記録'!$X$5:$X$3004,$M51))) | J51: =IF($A51="","",IF(INDEX('潜水記録'!$O$5:$O$3004,$M51)="","",INDEX('潜水記録'!$O$5:$O$3004,$M51))) | K51: =IF($A51="","",IF(INDEX('潜水記録'!$P$5:$P$3004,$M51)="","",INDEX('潜水記録'!$P$5:$P$3004,$M51))) | L51: =IF($A51="","",IF(INDEX('潜水記録'!$Q$5:$Q$3004,$M51)="","",INDEX('潜水記録'!$Q$5:$Q$3004,$M51))) | M51: =IF($A51="","",MATCH($A51,'潜水記録'!$AG$5:$AG$3004,0))
A52: =IF(43<=$C$6,43,"") | B52: =IF($A52="","",IF(INDEX('潜水記録'!$A$5:$A$3004,$M52)="","",INDEX('潜水記録'!$A$5:$A$3004,$M52))) | C52: =IF($A52="","",IF(INDEX('潜水記録'!$D$5:$D$3004,$M52)="","",INDEX('潜水記録'!$D$5:$D$3004,$M52))) | D52: =IF($A52="","",IF(INDEX('潜水記録'!$E$5:$E$3004,$M52)="","",INDEX('潜水記録'!$E$5:$E$3004,$M52))) | E52: =IF($A52="","",IF(INDEX('潜水記録'!$F$5:$F$3004,$M52)="","",INDEX('潜水記録'!$F$5:$F$3004,$M52))) | F52: =IF($A52="","",IF(INDEX('潜水記録'!$G$5:$G$3004,$M52)="","",INDEX('潜水記録'!$G$5:$G$3004,$M52))) | G52: =IF($A52="","",IF(INDEX('潜水記録'!$H$5:$H$3004,$M52)="","",INDEX('潜水記録'!$H$5:$H$3004,$M52))) | H52: =IF($A52="","",IF(INDEX('潜水記録'!$I$5:$I$3004,$M52)="","",INDEX('潜水記録'!$I$5:$I$3004,$M52))) | I52: =IF($A52="","",IF(INDEX('潜水記録'!$X$5:$X$3004,$M52)="","",INDEX('潜水記録'!$X$5:$X$3004,$M52))) | J52: =IF($A52="","",IF(INDEX('潜水記録'!$O$5:$O$3004,$M52)="","",INDEX('潜水記録'!$O$5:$O$3004,$M52))) | K52: =IF($A52="","",IF(INDEX('潜水記録'!$P$5:$P$3004,$M52)="","",INDEX('潜水記録'!$P$5:$P$3004,$M52))) | L52: =IF($A52="","",IF(INDEX('潜水記録'!$Q$5:$Q$3004,$M52)="","",INDEX('潜水記録'!$Q$5:$Q$3004,$M52))) | M52: =IF($A52="","",MATCH($A52,'潜水記録'!$AG$5:$AG$3004,0))
A53: =IF(44<=$C$6,44,"") | B53: =IF($A53="","",IF(INDEX('潜水記録'!$A$5:$A$3004,$M53)="","",INDEX('潜水記録'!$A$5:$A$3004,$M53))) | C53: =IF($A53="","",IF(INDEX('潜水記録'!$D$5:$D$3004,$M53)="","",INDEX('潜水記録'!$D$5:$D$3004,$M53))) | D53: =IF($A53="","",IF(INDEX('潜水記録'!$E$5:$E$3004,$M53)="","",INDEX('潜水記録'!$E$5:$E$3004,$M53))) | E53: =IF($A53="","",IF(INDEX('潜水記録'!$F$5:$F$3004,$M53)="","",INDEX('潜水記録'!$F$5:$F$3004,$M53))) | F53: =IF($A53="","",IF(INDEX('潜水記録'!$G$5:$G$3004,$M53)="","",INDEX('潜水記録'!$G$5:$G$3004,$M53))) | G53: =IF($A53="","",IF(INDEX('潜水記録'!$H$5:$H$3004,$M53)="","",INDEX('潜水記録'!$H$5:$H$3004,$M53))) | H53: =IF($A53="","",IF(INDEX('潜水記録'!$I$5:$I$3004,$M53)="","",INDEX('潜水記録'!$I$5:$I$3004,$M53))) | I53: =IF($A53="","",IF(INDEX('潜水記録'!$X$5:$X$3004,$M53)="","",INDEX('潜水記録'!$X$5:$X$3004,$M53))) | J53: =IF($A53="","",IF(INDEX('潜水記録'!$O$5:$O$3004,$M53)="","",INDEX('潜水記録'!$O$5:$O$3004,$M53))) | K53: =IF($A53="","",IF(INDEX('潜水記録'!$P$5:$P$3004,$M53)="","",INDEX('潜水記録'!$P$5:$P$3004,$M53))) | L53: =IF($A53="","",IF(INDEX('潜水記録'!$Q$5:$Q$3004,$M53)="","",INDEX('潜水記録'!$Q$5:$Q$3004,$M53))) | M53: =IF($A53="","",MATCH($A53,'潜水記録'!$AG$5:$AG$3004,0))
A54: =IF(45<=$C$6,45,"") | B54: =IF($A54="","",IF(INDEX('潜水記録'!$A$5:$A$3004,$M54)="","",INDEX('潜水記録'!$A$5:$A$3004,$M54))) | C54: =IF($A54="","",IF(INDEX('潜水記録'!$D$5:$D$3004,$M54)="","",INDEX('潜水記録'!$D$5:$D$3004,$M54))) | D54: =IF($A54="","",IF(INDEX('潜水記録'!$E$5:$E$3004,$M54)="","",INDEX('潜水記録'!$E$5:$E$3004,$M54))) | E54: =IF($A54="","",IF(INDEX('潜水記録'!$F$5:$F$3004,$M54)="","",INDEX('潜水記録'!$F$5:$F$3004,$M54))) | F54: =IF($A54="","",IF(INDEX('潜水記録'!$G$5:$G$3004,$M54)="","",INDEX('潜水記録'!$G$5:$G$3004,$M54))) | G54: =IF($A54="","",IF(INDEX('潜水記録'!$H$5:$H$3004,$M54)="","",INDEX('潜水記録'!$H$5:$H$3004,$M54))) | H54: =IF($A54="","",IF(INDEX('潜水記録'!$I$5:$I$3004,$M54)="","",INDEX('潜水記録'!$I$5:$I$3004,$M54))) | I54: =IF($A54="","",IF(INDEX('潜水記録'!$X$5:$X$3004,$M54)="","",INDEX('潜水記録'!$X$5:$X$3004,$M54))) | J54: =IF($A54="","",IF(INDEX('潜水記録'!$O$5:$O$3004,$M54)="","",INDEX('潜水記録'!$O$5:$O$3004,$M54))) | K54: =IF($A54="","",IF(INDEX('潜水記録'!$P$5:$P$3004,$M54)="","",INDEX('潜水記録'!$P$5:$P$3004,$M54))) | L54: =IF($A54="","",IF(INDEX('潜水記録'!$Q$5:$Q$3004,$M54)="","",INDEX('潜水記録'!$Q$5:$Q$3004,$M54))) | M54: =IF($A54="","",MATCH($A54,'潜水記録'!$AG$5:$AG$3004,0))
A55: =IF(46<=$C$6,46,"") | B55: =IF($A55="","",IF(INDEX('潜水記録'!$A$5:$A$3004,$M55)="","",INDEX('潜水記録'!$A$5:$A$3004,$M55))) | C55: =IF($A55="","",IF(INDEX('潜水記録'!$D$5:$D$3004,$M55)="","",INDEX('潜水記録'!$D$5:$D$3004,$M55))) | D55: =IF($A55="","",IF(INDEX('潜水記録'!$E$5:$E$3004,$M55)="","",INDEX('潜水記録'!$E$5:$E$3004,$M55))) | E55: =IF($A55="","",IF(INDEX('潜水記録'!$F$5:$F$3004,$M55)="","",INDEX('潜水記録'!$F$5:$F$3004,$M55))) | F55: =IF($A55="","",IF(INDEX('潜水記録'!$G$5:$G$3004,$M55)="","",INDEX('潜水記録'!$G$5:$G$3004,$M55))) | G55: =IF($A55="","",IF(INDEX('潜水記録'!$H$5:$H$3004,$M55)="","",INDEX('潜水記録'!$H$5:$H$3004,$M55))) | H55: =IF($A55="","",IF(INDEX('潜水記録'!$I$5:$I$3004,$M55)="","",INDEX('潜水記録'!$I$5:$I$3004,$M55))) | I55: =IF($A55="","",IF(INDEX('潜水記録'!$X$5:$X$3004,$M55)="","",INDEX('潜水記録'!$X$5:$X$3004,$M55))) | J55: =IF($A55="","",IF(INDEX('潜水記録'!$O$5:$O$3004,$M55)="","",INDEX('潜水記録'!$O$5:$O$3004,$M55))) | K55: =IF($A55="","",IF(INDEX('潜水記録'!$P$5:$P$3004,$M55)="","",INDEX('潜水記録'!$P$5:$P$3004,$M55))) | L55: =IF($A55="","",IF(INDEX('潜水記録'!$Q$5:$Q$3004,$M55)="","",INDEX('潜水記録'!$Q$5:$Q$3004,$M55))) | M55: =IF($A55="","",MATCH($A55,'潜水記録'!$AG$5:$AG$3004,0))
A56: =IF(47<=$C$6,47,"") | B56: =IF($A56="","",IF(INDEX('潜水記録'!$A$5:$A$3004,$M56)="","",INDEX('潜水記録'!$A$5:$A$3004,$M56))) | C56: =IF($A56="","",IF(INDEX('潜水記録'!$D$5:$D$3004,$M56)="","",INDEX('潜水記録'!$D$5:$D$3004,$M56))) | D56: =IF($A56="","",IF(INDEX('潜水記録'!$E$5:$E$3004,$M56)="","",INDEX('潜水記録'!$E$5:$E$3004,$M56))) | E56: =IF($A56="","",IF(INDEX('潜水記録'!$F$5:$F$3004,$M56)="","",INDEX('潜水記録'!$F$5:$F$3004,$M56))) | F56: =IF($A56="","",IF(INDEX('潜水記録'!$G$5:$G$3004,$M56)="","",INDEX('潜水記録'!$G$5:$G$3004,$M56))) | G56: =IF($A56="","",IF(INDEX('潜水記録'!$H$5:$H$3004,$M56)="","",INDEX('潜水記録'!$H$5:$H$3004,$M56))) | H56: =IF($A56="","",IF(INDEX('潜水記録'!$I$5:$I$3004,$M56)="","",INDEX('潜水記録'!$I$5:$I$3004,$M56))) | I56: =IF($A56="","",IF(INDEX('潜水記録'!$X$5:$X$3004,$M56)="","",INDEX('潜水記録'!$X$5:$X$3004,$M56))) | J56: =IF($A56="","",IF(INDEX('潜水記録'!$O$5:$O$3004,$M56)="","",INDEX('潜水記録'!$O$5:$O$3004,$M56))) | K56: =IF($A56="","",IF(INDEX('潜水記録'!$P$5:$P$3004,$M56)="","",INDEX('潜水記録'!$P$5:$P$3004,$M56))) | L56: =IF($A56="","",IF(INDEX('潜水記録'!$Q$5:$Q$3004,$M56)="","",INDEX('潜水記録'!$Q$5:$Q$3004,$M56))) | M56: =IF($A56="","",MATCH($A56,'潜水記録'!$AG$5:$AG$3004,0))
A57: =IF(48<=$C$6,48,"") | B57: =IF($A57="","",IF(INDEX('潜水記録'!$A$5:$A$3004,$M57)="","",INDEX('潜水記録'!$A$5:$A$3004,$M57))) | C57: =IF($A57="","",IF(INDEX('潜水記録'!$D$5:$D$3004,$M57)="","",INDEX('潜水記録'!$D$5:$D$3004,$M57))) | D57: =IF($A57="","",IF(INDEX('潜水記録'!$E$5:$E$3004,$M57)="","",INDEX('潜水記録'!$E$5:$E$3004,$M57))) | E57: =IF($A57="","",IF(INDEX('潜水記録'!$F$5:$F$3004,$M57)="","",INDEX('潜水記録'!$F$5:$F$3004,$M57))) | F57: =IF($A57="","",IF(INDEX('潜水記録'!$G$5:$G$3004,$M57)="","",INDEX('潜水記録'!$G$5:$G$3004,$M57))) | G57: =IF($A57="","",IF(INDEX('潜水記録'!$H$5:$H$3004,$M57)="","",INDEX('潜水記録'!$H$5:$H$3004,$M57))) | H57: =IF($A57="","",IF(INDEX('潜水記録'!$I$5:$I$3004,$M57)="","",INDEX('潜水記録'!$I$5:$I$3004,$M57))) | I57: =IF($A57="","",IF(INDEX('潜水記録'!$X$5:$X$3004,$M57)="","",INDEX('潜水記録'!$X$5:$X$3004,$M57))) | J57: =IF($A57="","",IF(INDEX('潜水記録'!$O$5:$O$3004,$M57)="","",INDEX('潜水記録'!$O$5:$O$3004,$M57))) | K57: =IF($A57="","",IF(INDEX('潜水記録'!$P$5:$P$3004,$M57)="","",INDEX('潜水記録'!$P$5:$P$3004,$M57))) | L57: =IF($A57="","",IF(INDEX('潜水記録'!$Q$5:$Q$3004,$M57)="","",INDEX('潜水記録'!$Q$5:$Q$3004,$M57))) | M57: =IF($A57="","",MATCH($A57,'潜水記録'!$AG$5:$AG$3004,0))
A58: =IF(49<=$C$6,49,"") | B58: =IF($A58="","",IF(INDEX('潜水記録'!$A$5:$A$3004,$M58)="","",INDEX('潜水記録'!$A$5:$A$3004,$M58))) | C58: =IF($A58="","",IF(INDEX('潜水記録'!$D$5:$D$3004,$M58)="","",INDEX('潜水記録'!$D$5:$D$3004,$M58))) | D58: =IF($A58="","",IF(INDEX('潜水記録'!$E$5:$E$3004,$M58)="","",INDEX('潜水記録'!$E$5:$E$3004,$M58))) | E58: =IF($A58="","",IF(INDEX('潜水記録'!$F$5:$F$3004,$M58)="","",INDEX('潜水記録'!$F$5:$F$3004,$M58))) | F58: =IF($A58="","",IF(INDEX('潜水記録'!$G$5:$G$3004,$M58)="","",INDEX('潜水記録'!$G$5:$G$3004,$M58))) | G58: =IF($A58="","",IF(INDEX('潜水記録'!$H$5:$H$3004,$M58)="","",INDEX('潜水記録'!$H$5:$H$3004,$M58))) | H58: =IF($A58="","",IF(INDEX('潜水記録'!$I$5:$I$3004,$M58)="","",INDEX('潜水記録'!$I$5:$I$3004,$M58))) | I58: =IF($A58="","",IF(INDEX('潜水記録'!$X$5:$X$3004,$M58)="","",INDEX('潜水記録'!$X$5:$X$3004,$M58))) | J58: =IF($A58="","",IF(INDEX('潜水記録'!$O$5:$O$3004,$M58)="","",INDEX('潜水記録'!$O$5:$O$3004,$M58))) | K58: =IF($A58="","",IF(INDEX('潜水記録'!$P$5:$P$3004,$M58)="","",INDEX('潜水記録'!$P$5:$P$3004,$M58))) | L58: =IF($A58="","",IF(INDEX('潜水記録'!$Q$5:$Q$3004,$M58)="","",INDEX('潜水記録'!$Q$5:$Q$3004,$M58))) | M58: =IF($A58="","",MATCH($A58,'潜水記録'!$AG$5:$AG$3004,0))
A59: =IF(50<=$C$6,50,"") | B59: =IF($A59="","",IF(INDEX('潜水記録'!$A$5:$A$3004,$M59)="","",INDEX('潜水記録'!$A$5:$A$3004,$M59))) | C59: =IF($A59="","",IF(INDEX('潜水記録'!$D$5:$D$3004,$M59)="","",INDEX('潜水記録'!$D$5:$D$3004,$M59))) | D59: =IF($A59="","",IF(INDEX('潜水記録'!$E$5:$E$3004,$M59)="","",INDEX('潜水記録'!$E$5:$E$3004,$M59))) | E59: =IF($A59="","",IF(INDEX('潜水記録'!$F$5:$F$3004,$M59)="","",INDEX('潜水記録'!$F$5:$F$3004,$M59))) | F59: =IF($A59="","",IF(INDEX('潜水記録'!$G$5:$G$3004,$M59)="","",INDEX('潜水記録'!$G$5:$G$3004,$M59))) | G59: =IF($A59="","",IF(INDEX('潜水記録'!$H$5:$H$3004,$M59)="","",INDEX('潜水記録'!$H$5:$H$3004,$M59))) | H59: =IF($A59="","",IF(INDEX('潜水記録'!$I$5:$I$3004,$M59)="","",INDEX('潜水記録'!$I$5:$I$3004,$M59))) | I59: =IF($A59="","",IF(INDEX('潜水記録'!$X$5:$X$3004,$M59)="","",INDEX('潜水記録'!$X$5:$X$3004,$M59))) | J59: =IF($A59="","",IF(INDEX('潜水記録'!$O$5:$O$3004,$M59)="","",INDEX('潜水記録'!$O$5:$O$3004,$M59))) | K59: =IF($A59="","",IF(INDEX('潜水記録'!$P$5:$P$3004,$M59)="","",INDEX('潜水記録'!$P$5:$P$3004,$M59))) | L59: =IF($A59="","",IF(INDEX('潜水記録'!$Q$5:$Q$3004,$M59)="","",INDEX('潜水記録'!$Q$5:$Q$3004,$M59))) | M59: =IF($A59="","",MATCH($A59,'潜水記録'!$AG$5:$AG$3004,0))
A60: =IF(51<=$C$6,51,"") | B60: =IF($A60="","",IF(INDEX('潜水記録'!$A$5:$A$3004,$M60)="","",INDEX('潜水記録'!$A$5:$A$3004,$M60))) | C60: =IF($A60="","",IF(INDEX('潜水記録'!$D$5:$D$3004,$M60)="","",INDEX('潜水記録'!$D$5:$D$3004,$M60))) | D60: =IF($A60="","",IF(INDEX('潜水記録'!$E$5:$E$3004,$M60)="","",INDEX('潜水記録'!$E$5:$E$3004,$M60))) | E60: =IF($A60="","",IF(INDEX('潜水記録'!$F$5:$F$3004,$M60)="","",INDEX('潜水記録'!$F$5:$F$3004,$M60))) | F60: =IF($A60="","",IF(INDEX('潜水記録'!$G$5:$G$3004,$M60)="","",INDEX('潜水記録'!$G$5:$G$3004,$M60))) | G60: =IF($A60="","",IF(INDEX('潜水記録'!$H$5:$H$3004,$M60)="","",INDEX('潜水記録'!$H$5:$H$3004,$M60))) | H60: =IF($A60="","",IF(INDEX('潜水記録'!$I$5:$I$3004,$M60)="","",INDEX('潜水記録'!$I$5:$I$3004,$M60))) | I60: =IF($A60="","",IF(INDEX('潜水記録'!$X$5:$X$3004,$M60)="","",INDEX('潜水記録'!$X$5:$X$3004,$M60))) | J60: =IF($A60="","",IF(INDEX('潜水記録'!$O$5:$O$3004,$M60)="","",INDEX('潜水記録'!$O$5:$O$3004,$M60))) | K60: =IF($A60="","",IF(INDEX('潜水記録'!$P$5:$P$3004,$M60)="","",INDEX('潜水記録'!$P$5:$P$3004,$M60))) | L60: =IF($A60="","",IF(INDEX('潜水記録'!$Q$5:$Q$3004,$M60)="","",INDEX('潜水記録'!$Q$5:$Q$3004,$M60))) | M60: =IF($A60="","",MATCH($A60,'潜水記録'!$AG$5:$AG$3004,0))
A61: =IF(52<=$C$6,52,"") | B61: =IF($A61="","",IF(INDEX('潜水記録'!$A$5:$A$3004,$M61)="","",INDEX('潜水記録'!$A$5:$A$3004,$M61))) | C61: =IF($A61="","",IF(INDEX('潜水記録'!$D$5:$D$3004,$M61)="","",INDEX('潜水記録'!$D$5:$D$3004,$M61))) | D61: =IF($A61="","",IF(INDEX('潜水記録'!$E$5:$E$3004,$M61)="","",INDEX('潜水記録'!$E$5:$E$3004,$M61))) | E61: =IF($A61="","",IF(INDEX('潜水記録'!$F$5:$F$3004,$M61)="","",INDEX('潜水記録'!$F$5:$F$3004,$M61))) | F61: =IF($A61="","",IF(INDEX('潜水記録'!$G$5:$G$3004,$M61)="","",INDEX('潜水記録'!$G$5:$G$3004,$M61))) | G61: =IF($A61="","",IF(INDEX('潜水記録'!$H$5:$H$3004,$M61)="","",INDEX('潜水記録'!$H$5:$H$3004,$M61))) | H61: =IF($A61="","",IF(INDEX('潜水記録'!$I$5:$I$3004,$M61)="","",INDEX('潜水記録'!$I$5:$I$3004,$M61))) | I61: =IF($A61="","",IF(INDEX('潜水記録'!$X$5:$X$3004,$M61)="","",INDEX('潜水記録'!$X$5:$X$3004,$M61))) | J61: =IF($A61="","",IF(INDEX('潜水記録'!$O$5:$O$3004,$M61)="","",INDEX('潜水記録'!$O$5:$O$3004,$M61))) | K61: =IF($A61="","",IF(INDEX('潜水記録'!$P$5:$P$3004,$M61)="","",INDEX('潜水記録'!$P$5:$P$3004,$M61))) | L61: =IF($A61="","",IF(INDEX('潜水記録'!$Q$5:$Q$3004,$M61)="","",INDEX('潜水記録'!$Q$5:$Q$3004,$M61))) | M61: =IF($A61="","",MATCH($A61,'潜水記録'!$AG$5:$AG$3004,0))
A62: =IF(53<=$C$6,53,"") | B62: =IF($A62="","",IF(INDEX('潜水記録'!$A$5:$A$3004,$M62)="","",INDEX('潜水記録'!$A$5:$A$3004,$M62))) | C62: =IF($A62="","",IF(INDEX('潜水記録'!$D$5:$D$3004,$M62)="","",INDEX('潜水記録'!$D$5:$D$3004,$M62))) | D62: =IF($A62="","",IF(INDEX('潜水記録'!$E$5:$E$3004,$M62)="","",INDEX('潜水記録'!$E$5:$E$3004,$M62))) | E62: =IF($A62="","",IF(INDEX('潜水記録'!$F$5:$F$3004,$M62)="","",INDEX('潜水記録'!$F$5:$F$3004,$M62))) | F62: =IF($A62="","",IF(INDEX('潜水記録'!$G$5:$G$3004,$M62)="","",INDEX('潜水記録'!$G$5:$G$3004,$M62))) | G62: =IF($A62="","",IF(INDEX('潜水記録'!$H$5:$H$3004,$M62)="","",INDEX('潜水記録'!$H$5:$H$3004,$M62))) | H62: =IF($A62="","",IF(INDEX('潜水記録'!$I$5:$I$3004,$M62)="","",INDEX('潜水記録'!$I$5:$I$3004,$M62))) | I62: =IF($A62="","",IF(INDEX('潜水記録'!$X$5:$X$3004,$M62)="","",INDEX('潜水記録'!$X$5:$X$3004,$M62))) | J62: =IF($A62="","",IF(INDEX('潜水記録'!$O$5:$O$3004,$M62)="","",INDEX('潜水記録'!$O$5:$O$3004,$M62))) | K62: =IF($A62="","",IF(INDEX('潜水記録'!$P$5:$P$3004,$M62)="","",INDEX('潜水記録'!$P$5:$P$3004,$M62))) | L62: =IF($A62="","",IF(INDEX('潜水記録'!$Q$5:$Q$3004,$M62)="","",INDEX('潜水記録'!$Q$5:$Q$3004,$M62))) | M62: =IF($A62="","",MATCH($A62,'潜水記録'!$AG$5:$AG$3004,0))
A63: =IF(54<=$C$6,54,"") | B63: =IF($A63="","",IF(INDEX('潜水記録'!$A$5:$A$3004,$M63)="","",INDEX('潜水記録'!$A$5:$A$3004,$M63))) | C63: =IF($A63="","",IF(INDEX('潜水記録'!$D$5:$D$3004,$M63)="","",INDEX('潜水記録'!$D$5:$D$3004,$M63))) | D63: =IF($A63="","",IF(INDEX('潜水記録'!$E$5:$E$3004,$M63)="","",INDEX('潜水記録'!$E$5:$E$3004,$M63))) | E63: =IF($A63="","",IF(INDEX('潜水記録'!$F$5:$F$3004,$M63)="","",INDEX('潜水記録'!$F$5:$F$3004,$M63))) | F63: =IF($A63="","",IF(INDEX('潜水記録'!$G$5:$G$3004,$M63)="","",INDEX('潜水記録'!$G$5:$G$3004,$M63))) | G63: =IF($A63="","",IF(INDEX('潜水記録'!$H$5:$H$3004,$M63)="","",INDEX('潜水記録'!$H$5:$H$3004,$M63))) | H63: =IF($A63="","",IF(INDEX('潜水記録'!$I$5:$I$3004,$M63)="","",INDEX('潜水記録'!$I$5:$I$3004,$M63))) | I63: =IF($A63="","",IF(INDEX('潜水記録'!$X$5:$X$3004,$M63)="","",INDEX('潜水記録'!$X$5:$X$3004,$M63))) | J63: =IF($A63="","",IF(INDEX('潜水記録'!$O$5:$O$3004,$M63)="","",INDEX('潜水記録'!$O$5:$O$3004,$M63))) | K63: =IF($A63="","",IF(INDEX('潜水記録'!$P$5:$P$3004,$M63)="","",INDEX('潜水記録'!$P$5:$P$3004,$M63))) | L63: =IF($A63="","",IF(INDEX('潜水記録'!$Q$5:$Q$3004,$M63)="","",INDEX('潜水記録'!$Q$5:$Q$3004,$M63))) | M63: =IF($A63="","",MATCH($A63,'潜水記録'!$AG$5:$AG$3004,0))
A64: =IF(55<=$C$6,55,"") | B64: =IF($A64="","",IF(INDEX('潜水記録'!$A$5:$A$3004,$M64)="","",INDEX('潜水記録'!$A$5:$A$3004,$M64))) | C64: =IF($A64="","",IF(INDEX('潜水記録'!$D$5:$D$3004,$M64)="","",INDEX('潜水記録'!$D$5:$D$3004,$M64))) | D64: =IF($A64="","",IF(INDEX('潜水記録'!$E$5:$E$3004,$M64)="","",INDEX('潜水記録'!$E$5:$E$3004,$M64))) | E64: =IF($A64="","",IF(INDEX('潜水記録'!$F$5:$F$3004,$M64)="","",INDEX('潜水記録'!$F$5:$F$3004,$M64))) | F64: =IF($A64="","",IF(INDEX('潜水記録'!$G$5:$G$3004,$M64)="","",INDEX('潜水記録'!$G$5:$G$3004,$M64))) | G64: =IF($A64="","",IF(INDEX('潜水記録'!$H$5:$H$3004,$M64)="","",INDEX('潜水記録'!$H$5:$H$3004,$M64))) | H64: =IF($A64="","",IF(INDEX('潜水記録'!$I$5:$I$3004,$M64)="","",INDEX('潜水記録'!$I$5:$I$3004,$M64))) | I64: =IF($A64="","",IF(INDEX('潜水記録'!$X$5:$X$3004,$M64)="","",INDEX('潜水記録'!$X$5:$X$3004,$M64))) | J64: =IF($A64="","",IF(INDEX('潜水記録'!$O$5:$O$3004,$M64)="","",INDEX('潜水記録'!$O$5:$O$3004,$M64))) | K64: =IF($A64="","",IF(INDEX('潜水記録'!$P$5:$P$3004,$M64)="","",INDEX('潜水記録'!$P$5:$P$3004,$M64))) | L64: =IF($A64="","",IF(INDEX('潜水記録'!$Q$5:$Q$3004,$M64)="","",INDEX('潜水記録'!$Q$5:$Q$3004,$M64))) | M64: =IF($A64="","",MATCH($A64,'潜水記録'!$AG$5:$AG$3004,0))
A65: =IF(56<=$C$6,56,"") | B65: =IF($A65="","",IF(INDEX('潜水記録'!$A$5:$A$3004,$M65)="","",INDEX('潜水記録'!$A$5:$A$3004,$M65))) | C65: =IF($A65="","",IF(INDEX('潜水記録'!$D$5:$D$3004,$M65)="","",INDEX('潜水記録'!$D$5:$D$3004,$M65))) | D65: =IF($A65="","",IF(INDEX('潜水記録'!$E$5:$E$3004,$M65)="","",INDEX('潜水記録'!$E$5:$E$3004,$M65))) | E65: =IF($A65="","",IF(INDEX('潜水記録'!$F$5:$F$3004,$M65)="","",INDEX('潜水記録'!$F$5:$F$3004,$M65))) | F65: =IF($A65="","",IF(INDEX('潜水記録'!$G$5:$G$3004,$M65)="","",INDEX('潜水記録'!$G$5:$G$3004,$M65))) | G65: =IF($A65="","",IF(INDEX('潜水記録'!$H$5:$H$3004,$M65)="","",INDEX('潜水記録'!$H$5:$H$3004,$M65))) | H65: =IF($A65="","",IF(INDEX('潜水記録'!$I$5:$I$3004,$M65)="","",INDEX('潜水記録'!$I$5:$I$3004,$M65))) | I65: =IF($A65="","",IF(INDEX('潜水記録'!$X$5:$X$3004,$M65)="","",INDEX('潜水記録'!$X$5:$X$3004,$M65))) | J65: =IF($A65="","",IF(INDEX('潜水記録'!$O$5:$O$3004,$M65)="","",INDEX('潜水記録'!$O$5:$O$3004,$M65))) | K65: =IF($A65="","",IF(INDEX('潜水記録'!$P$5:$P$3004,$M65)="","",INDEX('潜水記録'!$P$5:$P$3004,$M65))) | L65: =IF($A65="","",IF(INDEX('潜水記録'!$Q$5:$Q$3004,$M65)="","",INDEX('潜水記録'!$Q$5:$Q$3004,$M65))) | M65: =IF($A65="","",MATCH($A65,'潜水記録'!$AG$5:$AG$3004,0))
A66: =IF(57<=$C$6,57,"") | B66: =IF($A66="","",IF(INDEX('潜水記録'!$A$5:$A$3004,$M66)="","",INDEX('潜水記録'!$A$5:$A$3004,$M66))) | C66: =IF($A66="","",IF(INDEX('潜水記録'!$D$5:$D$3004,$M66)="","",INDEX('潜水記録'!$D$5:$D$3004,$M66))) | D66: =IF($A66="","",IF(INDEX('潜水記録'!$E$5:$E$3004,$M66)="","",INDEX('潜水記録'!$E$5:$E$3004,$M66))) | E66: =IF($A66="","",IF(INDEX('潜水記録'!$F$5:$F$3004,$M66)="","",INDEX('潜水記録'!$F$5:$F$3004,$M66))) | F66: =IF($A66="","",IF(INDEX('潜水記録'!$G$5:$G$3004,$M66)="","",INDEX('潜水記録'!$G$5:$G$3004,$M66))) | G66: =IF($A66="","",IF(INDEX('潜水記録'!$H$5:$H$3004,$M66)="","",INDEX('潜水記録'!$H$5:$H$3004,$M66))) | H66: =IF($A66="","",IF(INDEX('潜水記録'!$I$5:$I$3004,$M66)="","",INDEX('潜水記録'!$I$5:$I$3004,$M66))) | I66: =IF($A66="","",IF(INDEX('潜水記録'!$X$5:$X$3004,$M66)="","",INDEX('潜水記録'!$X$5:$X$3004,$M66))) | J66: =IF($A66="","",IF(INDEX('潜水記録'!$O$5:$O$3004,$M66)="","",INDEX('潜水記録'!$O$5:$O$3004,$M66))) | K66: =IF($A66="","",IF(INDEX('潜水記録'!$P$5:$P$3004,$M66)="","",INDEX('潜水記録'!$P$5:$P$3004,$M66))) | L66: =IF($A66="","",IF(INDEX('潜水記録'!$Q$5:$Q$3004,$M66)="","",INDEX('潜水記録'!$Q$5:$Q$3004,$M66))) | M66: =IF($A66="","",MATCH($A66,'潜水記録'!$AG$5:$AG$3004,0))
A67: =IF(58<=$C$6,58,"") | B67: =IF($A67="","",IF(INDEX('潜水記録'!$A$5:$A$3004,$M67)="","",INDEX('潜水記録'!$A$5:$A$3004,$M67))) | C67: =IF($A67="","",IF(INDEX('潜水記録'!$D$5:$D$3004,$M67)="","",INDEX('潜水記録'!$D$5:$D$3004,$M67))) | D67: =IF($A67="","",IF(INDEX('潜水記録'!$E$5:$E$3004,$M67)="","",INDEX('潜水記録'!$E$5:$E$3004,$M67))) | E67: =IF($A67="","",IF(INDEX('潜水記録'!$F$5:$F$3004,$M67)="","",INDEX('潜水記録'!$F$5:$F$3004,$M67))) | F67: =IF($A67="","",IF(INDEX('潜水記録'!$G$5:$G$3004,$M67)="","",INDEX('潜水記録'!$G$5:$G$3004,$M67))) | G67: =IF($A67="","",IF(INDEX('潜水記録'!$H$5:$H$3004,$M67)="","",INDEX('潜水記録'!$H$5:$H$3004,$M67))) | H67: =IF($A67="","",IF(INDEX('潜水記録'!$I$5:$I$3004,$M67)="","",INDEX('潜水記録'!$I$5:$I$3004,$M67))) | I67: =IF($A67="","",IF(INDEX('潜水記録'!$X$5:$X$3004,$M67)="","",INDEX('潜水記録'!$X$5:$X$3004,$M67))) | J67: =IF($A67="","",IF(INDEX('潜水記録'!$O$5:$O$3004,$M67)="","",INDEX('潜水記録'!$O$5:$O$3004,$M67))) | K67: =IF($A67="","",IF(INDEX('潜水記録'!$P$5:$P$3004,$M67)="","",INDEX('潜水記録'!$P$5:$P$3004,$M67))) | L67: =IF($A67="","",IF(INDEX('潜水記録'!$Q$5:$Q$3004,$M67)="","",INDEX('潜水記録'!$Q$5:$Q$3004,$M67))) | M67: =IF($A67="","",MATCH($A67,'潜水記録'!$AG$5:$AG$3004,0))
A68: =IF(59<=$C$6,59,"") | B68: =IF($A68="","",IF(INDEX('潜水記録'!$A$5:$A$3004,$M68)="","",INDEX('潜水記録'!$A$5:$A$3004,$M68))) | C68: =IF($A68="","",IF(INDEX('潜水記録'!$D$5:$D$3004,$M68)="","",INDEX('潜水記録'!$D$5:$D$3004,$M68))) | D68: =IF($A68="","",IF(INDEX('潜水記録'!$E$5:$E$3004,$M68)="","",INDEX('潜水記録'!$E$5:$E$3004,$M68))) | E68: =IF($A68="","",IF(INDEX('潜水記録'!$F$5:$F$3004,$M68)="","",INDEX('潜水記録'!$F$5:$F$3004,$M68))) | F68: =IF($A68="","",IF(INDEX('潜水記録'!$G$5:$G$3004,$M68)="","",INDEX('潜水記録'!$G$5:$G$3004,$M68))) | G68: =IF($A68="","",IF(INDEX('潜水記録'!$H$5:$H$3004,$M68)="","",INDEX('潜水記録'!$H$5:$H$3004,$M68))) | H68: =IF($A68="","",IF(INDEX('潜水記録'!$I$5:$I$3004,$M68)="","",INDEX('潜水記録'!$I$5:$I$3004,$M68))) | I68: =IF($A68="","",IF(INDEX('潜水記録'!$X$5:$X$3004,$M68)="","",INDEX('潜水記録'!$X$5:$X$3004,$M68))) | J68: =IF($A68="","",IF(INDEX('潜水記録'!$O$5:$O$3004,$M68)="","",INDEX('潜水記録'!$O$5:$O$3004,$M68))) | K68: =IF($A68="","",IF(INDEX('潜水記録'!$P$5:$P$3004,$M68)="","",INDEX('潜水記録'!$P$5:$P$3004,$M68))) | L68: =IF($A68="","",IF(INDEX('潜水記録'!$Q$5:$Q$3004,$M68)="","",INDEX('潜水記録'!$Q$5:$Q$3004,$M68))) | M68: =IF($A68="","",MATCH($A68,'潜水記録'!$AG$5:$AG$3004,0))
A69: =IF(60<=$C$6,60,"") | B69: =IF($A69="","",IF(INDEX('潜水記録'!$A$5:$A$3004,$M69)="","",INDEX('潜水記録'!$A$5:$A$3004,$M69))) | C69: =IF($A69="","",IF(INDEX('潜水記録'!$D$5:$D$3004,$M69)="","",INDEX('潜水記録'!$D$5:$D$3004,$M69))) | D69: =IF($A69="","",IF(INDEX('潜水記録'!$E$5:$E$3004,$M69)="","",INDEX('潜水記録'!$E$5:$E$3004,$M69))) | E69: =IF($A69="","",IF(INDEX('潜水記録'!$F$5:$F$3004,$M69)="","",INDEX('潜水記録'!$F$5:$F$3004,$M69))) | F69: =IF($A69="","",IF(INDEX('潜水記録'!$G$5:$G$3004,$M69)="","",INDEX('潜水記録'!$G$5:$G$3004,$M69))) | G69: =IF($A69="","",IF(INDEX('潜水記録'!$H$5:$H$3004,$M69)="","",INDEX('潜水記録'!$H$5:$H$3004,$M69))) | H69: =IF($A69="","",IF(INDEX('潜水記録'!$I$5:$I$3004,$M69)="","",INDEX('潜水記録'!$I$5:$I$3004,$M69))) | I69: =IF($A69="","",IF(INDEX('潜水記録'!$X$5:$X$3004,$M69)="","",INDEX('潜水記録'!$X$5:$X$3004,$M69))) | J69: =IF($A69="","",IF(INDEX('潜水記録'!$O$5:$O$3004,$M69)="","",INDEX('潜水記録'!$O$5:$O$3004,$M69))) | K69: =IF($A69="","",IF(INDEX('潜水記録'!$P$5:$P$3004,$M69)="","",INDEX('潜水記録'!$P$5:$P$3004,$M69))) | L69: =IF($A69="","",IF(INDEX('潜水記録'!$Q$5:$Q$3004,$M69)="","",INDEX('潜水記録'!$Q$5:$Q$3004,$M69))) | M69: =IF($A69="","",MATCH($A69,'潜水記録'!$AG$5:$AG$3004,0))
A70: =IF(61<=$C$6,61,"") | B70: =IF($A70="","",IF(INDEX('潜水記録'!$A$5:$A$3004,$M70)="","",INDEX('潜水記録'!$A$5:$A$3004,$M70))) | C70: =IF($A70="","",IF(INDEX('潜水記録'!$D$5:$D$3004,$M70)="","",INDEX('潜水記録'!$D$5:$D$3004,$M70))) | D70: =IF($A70="","",IF(INDEX('潜水記録'!$E$5:$E$3004,$M70)="","",INDEX('潜水記録'!$E$5:$E$3004,$M70))) | E70: =IF($A70="","",IF(INDEX('潜水記録'!$F$5:$F$3004,$M70)="","",INDEX('潜水記録'!$F$5:$F$3004,$M70))) | F70: =IF($A70="","",IF(INDEX('潜水記録'!$G$5:$G$3004,$M70)="","",INDEX('潜水記録'!$G$5:$G$3004,$M70))) | G70: =IF($A70="","",IF(INDEX('潜水記録'!$H$5:$H$3004,$M70)="","",INDEX('潜水記録'!$H$5:$H$3004,$M70))) | H70: =IF($A70="","",IF(INDEX('潜水記録'!$I$5:$I$3004,$M70)="","",INDEX('潜水記録'!$I$5:$I$3004,$M70))) | I70: =IF($A70="","",IF(INDEX('潜水記録'!$X$5:$X$3004,$M70)="","",INDEX('潜水記録'!$X$5:$X$3004,$M70))) | J70: =IF($A70="","",IF(INDEX('潜水記録'!$O$5:$O$3004,$M70)="","",INDEX('潜水記録'!$O$5:$O$3004,$M70))) | K70: =IF($A70="","",IF(INDEX('潜水記録'!$P$5:$P$3004,$M70)="","",INDEX('潜水記録'!$P$5:$P$3004,$M70))) | L70: =IF($A70="","",IF(INDEX('潜水記録'!$Q$5:$Q$3004,$M70)="","",INDEX('潜水記録'!$Q$5:$Q$3004,$M70))) | M70: =IF($A70="","",MATCH($A70,'潜水記録'!$AG$5:$AG$3004,0))
A71: =IF(62<=$C$6,62,"") | B71: =IF($A71="","",IF(INDEX('潜水記録'!$A$5:$A$3004,$M71)="","",INDEX('潜水記録'!$A$5:$A$3004,$M71))) | C71: =IF($A71="","",IF(INDEX('潜水記録'!$D$5:$D$3004,$M71)="","",INDEX('潜水記録'!$D$5:$D$3004,$M71))) | D71: =IF($A71="","",IF(INDEX('潜水記録'!$E$5:$E$3004,$M71)="","",INDEX('潜水記録'!$E$5:$E$3004,$M71))) | E71: =IF($A71="","",IF(INDEX('潜水記録'!$F$5:$F$3004,$M71)="","",INDEX('潜水記録'!$F$5:$F$3004,$M71))) | F71: =IF($A71="","",IF(INDEX('潜水記録'!$G$5:$G$3004,$M71)="","",INDEX('潜水記録'!$G$5:$G$3004,$M71))) | G71: =IF($A71="","",IF(INDEX('潜水記録'!$H$5:$H$3004,$M71)="","",INDEX('潜水記録'!$H$5:$H$3004,$M71))) | H71: =IF($A71="","",IF(INDEX('潜水記録'!$I$5:$I$3004,$M71)="","",INDEX('潜水記録'!$I$5:$I$3004,$M71))) | I71: =IF($A71="","",IF(INDEX('潜水記録'!$X$5:$X$3004,$M71)="","",INDEX('潜水記録'!$X$5:$X$3004,$M71))) | J71: =IF($A71="","",IF(INDEX('潜水記録'!$O$5:$O$3004,$M71)="","",INDEX('潜水記録'!$O$5:$O$3004,$M71))) | K71: =IF($A71="","",IF(INDEX('潜水記録'!$P$5:$P$3004,$M71)="","",INDEX('潜水記録'!$P$5:$P$3004,$M71))) | L71: =IF($A71="","",IF(INDEX('潜水記録'!$Q$5:$Q$3004,$M71)="","",INDEX('潜水記録'!$Q$5:$Q$3004,$M71))) | M71: =IF($A71="","",MATCH($A71,'潜水記録'!$AG$5:$AG$3004,0))
A72: =IF(63<=$C$6,63,"") | B72: =IF($A72="","",IF(INDEX('潜水記録'!$A$5:$A$3004,$M72)="","",INDEX('潜水記録'!$A$5:$A$3004,$M72))) | C72: =IF($A72="","",IF(INDEX('潜水記録'!$D$5:$D$3004,$M72)="","",INDEX('潜水記録'!$D$5:$D$3004,$M72))) | D72: =IF($A72="","",IF(INDEX('潜水記録'!$E$5:$E$3004,$M72)="","",INDEX('潜水記録'!$E$5:$E$3004,$M72))) | E72: =IF($A72="","",IF(INDEX('潜水記録'!$F$5:$F$3004,$M72)="","",INDEX('潜水記録'!$F$5:$F$3004,$M72))) | F72: =IF($A72="","",IF(INDEX('潜水記録'!$G$5:$G$3004,$M72)="","",INDEX('潜水記録'!$G$5:$G$3004,$M72))) | G72: =IF($A72="","",IF(INDEX('潜水記録'!$H$5:$H$3004,$M72)="","",INDEX('潜水記録'!$H$5:$H$3004,$M72))) | H72: =IF($A72="","",IF(INDEX('潜水記録'!$I$5:$I$3004,$M72)="","",INDEX('潜水記録'!$I$5:$I$3004,$M72))) | I72: =IF($A72="","",IF(INDEX('潜水記録'!$X$5:$X$3004,$M72)="","",INDEX('潜水記録'!$X$5:$X$3004,$M72))) | J72: =IF($A72="","",IF(INDEX('潜水記録'!$O$5:$O$3004,$M72)="","",INDEX('潜水記録'!$O$5:$O$3004,$M72))) | K72: =IF($A72="","",IF(INDEX('潜水記録'!$P$5:$P$3004,$M72)="","",INDEX('潜水記録'!$P$5:$P$3004,$M72))) | L72: =IF($A72="","",IF(INDEX('潜水記録'!$Q$5:$Q$3004,$M72)="","",INDEX('潜水記録'!$Q$5:$Q$3004,$M72))) | M72: =IF($A72="","",MATCH($A72,'潜水記録'!$AG$5:$AG$3004,0))
A73: =IF(64<=$C$6,64,"") | B73: =IF($A73="","",IF(INDEX('潜水記録'!$A$5:$A$3004,$M73)="","",INDEX('潜水記録'!$A$5:$A$3004,$M73))) | C73: =IF($A73="","",IF(INDEX('潜水記録'!$D$5:$D$3004,$M73)="","",INDEX('潜水記録'!$D$5:$D$3004,$M73))) | D73: =IF($A73="","",IF(INDEX('潜水記録'!$E$5:$E$3004,$M73)="","",INDEX('潜水記録'!$E$5:$E$3004,$M73))) | E73: =IF($A73="","",IF(INDEX('潜水記録'!$F$5:$F$3004,$M73)="","",INDEX('潜水記録'!$F$5:$F$3004,$M73))) | F73: =IF($A73="","",IF(INDEX('潜水記録'!$G$5:$G$3004,$M73)="","",INDEX('潜水記録'!$G$5:$G$3004,$M73))) | G73: =IF($A73="","",IF(INDEX('潜水記録'!$H$5:$H$3004,$M73)="","",INDEX('潜水記録'!$H$5:$H$3004,$M73))) | H73: =IF($A73="","",IF(INDEX('潜水記録'!$I$5:$I$3004,$M73)="","",INDEX('潜水記録'!$I$5:$I$3004,$M73))) | I73: =IF($A73="","",IF(INDEX('潜水記録'!$X$5:$X$3004,$M73)="","",INDEX('潜水記録'!$X$5:$X$3004,$M73))) | J73: =IF($A73="","",IF(INDEX('潜水記録'!$O$5:$O$3004,$M73)="","",INDEX('潜水記録'!$O$5:$O$3004,$M73))) | K73: =IF($A73="","",IF(INDEX('潜水記録'!$P$5:$P$3004,$M73)="","",INDEX('潜水記録'!$P$5:$P$3004,$M73))) | L73: =IF($A73="","",IF(INDEX('潜水記録'!$Q$5:$Q$3004,$M73)="","",INDEX('潜水記録'!$Q$5:$Q$3004,$M73))) | M73: =IF($A73="","",MATCH($A73,'潜水記録'!$AG$5:$AG$3004,0))
A74: =IF(65<=$C$6,65,"") | B74: =IF($A74="","",IF(INDEX('潜水記録'!$A$5:$A$3004,$M74)="","",INDEX('潜水記録'!$A$5:$A$3004,$M74))) | C74: =IF($A74="","",IF(INDEX('潜水記録'!$D$5:$D$3004,$M74)="","",INDEX('潜水記録'!$D$5:$D$3004,$M74))) | D74: =IF($A74="","",IF(INDEX('潜水記録'!$E$5:$E$3004,$M74)="","",INDEX('潜水記録'!$E$5:$E$3004,$M74))) | E74: =IF($A74="","",IF(INDEX('潜水記録'!$F$5:$F$3004,$M74)="","",INDEX('潜水記録'!$F$5:$F$3004,$M74))) | F74: =IF($A74="","",IF(INDEX('潜水記録'!$G$5:$G$3004,$M74)="","",INDEX('潜水記録'!$G$5:$G$3004,$M74))) | G74: =IF($A74="","",IF(INDEX('潜水記録'!$H$5:$H$3004,$M74)="","",INDEX('潜水記録'!$H$5:$H$3004,$M74))) | H74: =IF($A74="","",IF(INDEX('潜水記録'!$I$5:$I$3004,$M74)="","",INDEX('潜水記録'!$I$5:$I$3004,$M74))) | I74: =IF($A74="","",IF(INDEX('潜水記録'!$X$5:$X$3004,$M74)="","",INDEX('潜水記録'!$X$5:$X$3004,$M74))) | J74: =IF($A74="","",IF(INDEX('潜水記録'!$O$5:$O$3004,$M74)="","",INDEX('潜水記録'!$O$5:$O$3004,$M74))) | K74: =IF($A74="","",IF(INDEX('潜水記録'!$P$5:$P$3004,$M74)="","",INDEX('潜水記録'!$P$5:$P$3004,$M74))) | L74: =IF($A74="","",IF(INDEX('潜水記録'!$Q$5:$Q$3004,$M74)="","",INDEX('潜水記録'!$Q$5:$Q$3004,$M74))) | M74: =IF($A74="","",MATCH($A74,'潜水記録'!$AG$5:$AG$3004,0))
A75: =IF(66<=$C$6,66,"") | B75: =IF($A75="","",IF(INDEX('潜水記録'!$A$5:$A$3004,$M75)="","",INDEX('潜水記録'!$A$5:$A$3004,$M75))) | C75: =IF($A75="","",IF(INDEX('潜水記録'!$D$5:$D$3004,$M75)="","",INDEX('潜水記録'!$D$5:$D$3004,$M75))) | D75: =IF($A75="","",IF(INDEX('潜水記録'!$E$5:$E$3004,$M75)="","",INDEX('潜水記録'!$E$5:$E$3004,$M75))) | E75: =IF($A75="","",IF(INDEX('潜水記録'!$F$5:$F$3004,$M75)="","",INDEX('潜水記録'!$F$5:$F$3004,$M75))) | F75: =IF($A75="","",IF(INDEX('潜水記録'!$G$5:$G$3004,$M75)="","",INDEX('潜水記録'!$G$5:$G$3004,$M75))) | G75: =IF($A75="","",IF(INDEX('潜水記録'!$H$5:$H$3004,$M75)="","",INDEX('潜水記録'!$H$5:$H$3004,$M75))) | H75: =IF($A75="","",IF(INDEX('潜水記録'!$I$5:$I$3004,$M75)="","",INDEX('潜水記録'!$I$5:$I$3004,$M75))) | I75: =IF($A75="","",IF(INDEX('潜水記録'!$X$5:$X$3004,$M75)="","",INDEX('潜水記録'!$X$5:$X$3004,$M75))) | J75: =IF($A75="","",IF(INDEX('潜水記録'!$O$5:$O$3004,$M75)="","",INDEX('潜水記録'!$O$5:$O$3004,$M75))) | K75: =IF($A75="","",IF(INDEX('潜水記録'!$P$5:$P$3004,$M75)="","",INDEX('潜水記録'!$P$5:$P$3004,$M75))) | L75: =IF($A75="","",IF(INDEX('潜水記録'!$Q$5:$Q$3004,$M75)="","",INDEX('潜水記録'!$Q$5:$Q$3004,$M75))) | M75: =IF($A75="","",MATCH($A75,'潜水記録'!$AG$5:$AG$3004,0))
A76: =IF(67<=$C$6,67,"") | B76: =IF($A76="","",IF(INDEX('潜水記録'!$A$5:$A$3004,$M76)="","",INDEX('潜水記録'!$A$5:$A$3004,$M76))) | C76: =IF($A76="","",IF(INDEX('潜水記録'!$D$5:$D$3004,$M76)="","",INDEX('潜水記録'!$D$5:$D$3004,$M76))) | D76: =IF($A76="","",IF(INDEX('潜水記録'!$E$5:$E$3004,$M76)="","",INDEX('潜水記録'!$E$5:$E$3004,$M76))) | E76: =IF($A76="","",IF(INDEX('潜水記録'!$F$5:$F$3004,$M76)="","",INDEX('潜水記録'!$F$5:$F$3004,$M76))) | F76: =IF($A76="","",IF(INDEX('潜水記録'!$G$5:$G$3004,$M76)="","",INDEX('潜水記録'!$G$5:$G$3004,$M76))) | G76: =IF($A76="","",IF(INDEX('潜水記録'!$H$5:$H$3004,$M76)="","",INDEX('潜水記録'!$H$5:$H$3004,$M76))) | H76: =IF($A76="","",IF(INDEX('潜水記録'!$I$5:$I$3004,$M76)="","",INDEX('潜水記録'!$I$5:$I$3004,$M76))) | I76: =IF($A76="","",IF(INDEX('潜水記録'!$X$5:$X$3004,$M76)="","",INDEX('潜水記録'!$X$5:$X$3004,$M76))) | J76: =IF($A76="","",IF(INDEX('潜水記録'!$O$5:$O$3004,$M76)="","",INDEX('潜水記録'!$O$5:$O$3004,$M76))) | K76: =IF($A76="","",IF(INDEX('潜水記録'!$P$5:$P$3004,$M76)="","",INDEX('潜水記録'!$P$5:$P$3004,$M76))) | L76: =IF($A76="","",IF(INDEX('潜水記録'!$Q$5:$Q$3004,$M76)="","",INDEX('潜水記録'!$Q$5:$Q$3004,$M76))) | M76: =IF($A76="","",MATCH($A76,'潜水記録'!$AG$5:$AG$3004,0))
A77: =IF(68<=$C$6,68,"") | B77: =IF($A77="","",IF(INDEX('潜水記録'!$A$5:$A$3004,$M77)="","",INDEX('潜水記録'!$A$5:$A$3004,$M77))) | C77: =IF($A77="","",IF(INDEX('潜水記録'!$D$5:$D$3004,$M77)="","",INDEX('潜水記録'!$D$5:$D$3004,$M77))) | D77: =IF($A77="","",IF(INDEX('潜水記録'!$E$5:$E$3004,$M77)="","",INDEX('潜水記録'!$E$5:$E$3004,$M77))) | E77: =IF($A77="","",IF(INDEX('潜水記録'!$F$5:$F$3004,$M77)="","",INDEX('潜水記録'!$F$5:$F$3004,$M77))) | F77: =IF($A77="","",IF(INDEX('潜水記録'!$G$5:$G$3004,$M77)="","",INDEX('潜水記録'!$G$5:$G$3004,$M77))) | G77: =IF($A77="","",IF(INDEX('潜水記録'!$H$5:$H$3004,$M77)="","",INDEX('潜水記録'!$H$5:$H$3004,$M77))) | H77: =IF($A77="","",IF(INDEX('潜水記録'!$I$5:$I$3004,$M77)="","",INDEX('潜水記録'!$I$5:$I$3004,$M77))) | I77: =IF($A77="","",IF(INDEX('潜水記録'!$X$5:$X$3004,$M77)="","",INDEX('潜水記録'!$X$5:$X$3004,$M77))) | J77: =IF($A77="","",IF(INDEX('潜水記録'!$O$5:$O$3004,$M77)="","",INDEX('潜水記録'!$O$5:$O$3004,$M77))) | K77: =IF($A77="","",IF(INDEX('潜水記録'!$P$5:$P$3004,$M77)="","",INDEX('潜水記録'!$P$5:$P$3004,$M77))) | L77: =IF($A77="","",IF(INDEX('潜水記録'!$Q$5:$Q$3004,$M77)="","",INDEX('潜水記録'!$Q$5:$Q$3004,$M77))) | M77: =IF($A77="","",MATCH($A77,'潜水記録'!$AG$5:$AG$3004,0))
A78: =IF(69<=$C$6,69,"") | B78: =IF($A78="","",IF(INDEX('潜水記録'!$A$5:$A$3004,$M78)="","",INDEX('潜水記録'!$A$5:$A$3004,$M78))) | C78: =IF($A78="","",IF(INDEX('潜水記録'!$D$5:$D$3004,$M78)="","",INDEX('潜水記録'!$D$5:$D$3004,$M78))) | D78: =IF($A78="","",IF(INDEX('潜水記録'!$E$5:$E$3004,$M78)="","",INDEX('潜水記録'!$E$5:$E$3004,$M78))) | E78: =IF($A78="","",IF(INDEX('潜水記録'!$F$5:$F$3004,$M78)="","",INDEX('潜水記録'!$F$5:$F$3004,$M78))) | F78: =IF($A78="","",IF(INDEX('潜水記録'!$G$5:$G$3004,$M78)="","",INDEX('潜水記録'!$G$5:$G$3004,$M78))) | G78: =IF($A78="","",IF(INDEX('潜水記録'!$H$5:$H$3004,$M78)="","",INDEX('潜水記録'!$H$5:$H$3004,$M78))) | H78: =IF($A78="","",IF(INDEX('潜水記録'!$I$5:$I$3004,$M78)="","",INDEX('潜水記録'!$I$5:$I$3004,$M78))) | I78: =IF($A78="","",IF(INDEX('潜水記録'!$X$5:$X$3004,$M78)="","",INDEX('潜水記録'!$X$5:$X$3004,$M78))) | J78: =IF($A78="","",IF(INDEX('潜水記録'!$O$5:$O$3004,$M78)="","",INDEX('潜水記録'!$O$5:$O$3004,$M78))) | K78: =IF($A78="","",IF(INDEX('潜水記録'!$P$5:$P$3004,$M78)="","",INDEX('潜水記録'!$P$5:$P$3004,$M78))) | L78: =IF($A78="","",IF(INDEX('潜水記録'!$Q$5:$Q$3004,$M78)="","",INDEX('潜水記録'!$Q$5:$Q$3004,$M78))) | M78: =IF($A78="","",MATCH($A78,'潜水記録'!$AG$5:$AG$3004,0))
A79: =IF(70<=$C$6,70,"") | B79: =IF($A79="","",IF(INDEX('潜水記録'!$A$5:$A$3004,$M79)="","",INDEX('潜水記録'!$A$5:$A$3004,$M79))) | C79: =IF($A79="","",IF(INDEX('潜水記録'!$D$5:$D$3004,$M79)="","",INDEX('潜水記録'!$D$5:$D$3004,$M79))) | D79: =IF($A79="","",IF(INDEX('潜水記録'!$E$5:$E$3004,$M79)="","",INDEX('潜水記録'!$E$5:$E$3004,$M79))) | E79: =IF($A79="","",IF(INDEX('潜水記録'!$F$5:$F$3004,$M79)="","",INDEX('潜水記録'!$F$5:$F$3004,$M79))) | F79: =IF($A79="","",IF(INDEX('潜水記録'!$G$5:$G$3004,$M79)="","",INDEX('潜水記録'!$G$5:$G$3004,$M79))) | G79: =IF($A79="","",IF(INDEX('潜水記録'!$H$5:$H$3004,$M79)="","",INDEX('潜水記録'!$H$5:$H$3004,$M79))) | H79: =IF($A79="","",IF(INDEX('潜水記録'!$I$5:$I$3004,$M79)="","",INDEX('潜水記録'!$I$5:$I$3004,$M79))) | I79: =IF($A79="","",IF(INDEX('潜水記録'!$X$5:$X$3004,$M79)="","",INDEX('潜水記録'!$X$5:$X$3004,$M79))) | J79: =IF($A79="","",IF(INDEX('潜水記録'!$O$5:$O$3004,$M79)="","",INDEX('潜水記録'!$O$5:$O$3004,$M79))) | K79: =IF($A79="","",IF(INDEX('潜水記録'!$P$5:$P$3004,$M79)="","",INDEX('潜水記録'!$P$5:$P$3004,$M79))) | L79: =IF($A79="","",IF(INDEX('潜水記録'!$Q$5:$Q$3004,$M79)="","",INDEX('潜水記録'!$Q$5:$Q$3004,$M79))) | M79: =IF($A79="","",MATCH($A79,'潜水記録'!$AG$5:$AG$3004,0))
A80: =IF(71<=$C$6,71,"") | B80: =IF($A80="","",IF(INDEX('潜水記録'!$A$5:$A$3004,$M80)="","",INDEX('潜水記録'!$A$5:$A$3004,$M80))) | C80: =IF($A80="","",IF(INDEX('潜水記録'!$D$5:$D$3004,$M80)="","",INDEX('潜水記録'!$D$5:$D$3004,$M80))) | D80: =IF($A80="","",IF(INDEX('潜水記録'!$E$5:$E$3004,$M80)="","",INDEX('潜水記録'!$E$5:$E$3004,$M80))) | E80: =IF($A80="","",IF(INDEX('潜水記録'!$F$5:$F$3004,$M80)="","",INDEX('潜水記録'!$F$5:$F$3004,$M80))) | F80: =IF($A80="","",IF(INDEX('潜水記録'!$G$5:$G$3004,$M80)="","",INDEX('潜水記録'!$G$5:$G$3004,$M80))) | G80: =IF($A80="","",IF(INDEX('潜水記録'!$H$5:$H$3004,$M80)="","",INDEX('潜水記録'!$H$5:$H$3004,$M80))) | H80: =IF($A80="","",IF(INDEX('潜水記録'!$I$5:$I$3004,$M80)="","",INDEX('潜水記録'!$I$5:$I$3004,$M80))) | I80: =IF($A80="","",IF(INDEX('潜水記録'!$X$5:$X$3004,$M80)="","",INDEX('潜水記録'!$X$5:$X$3004,$M80))) | J80: =IF($A80="","",IF(INDEX('潜水記録'!$O$5:$O$3004,$M80)="","",INDEX('潜水記録'!$O$5:$O$3004,$M80))) | K80: =IF($A80="","",IF(INDEX('潜水記録'!$P$5:$P$3004,$M80)="","",INDEX('潜水記録'!$P$5:$P$3004,$M80))) | L80: =IF($A80="","",IF(INDEX('潜水記録'!$Q$5:$Q$3004,$M80)="","",INDEX('潜水記録'!$Q$5:$Q$3004,$M80))) | M80: =IF($A80="","",MATCH($A80,'潜水記録'!$AG$5:$AG$3004,0))
A81: =IF(72<=$C$6,72,"") | B81: =IF($A81="","",IF(INDEX('潜水記録'!$A$5:$A$3004,$M81)="","",INDEX('潜水記録'!$A$5:$A$3004,$M81))) | C81: =IF($A81="","",IF(INDEX('潜水記録'!$D$5:$D$3004,$M81)="","",INDEX('潜水記録'!$D$5:$D$3004,$M81))) | D81: =IF($A81="","",IF(INDEX('潜水記録'!$E$5:$E$3004,$M81)="","",INDEX('潜水記録'!$E$5:$E$3004,$M81))) | E81: =IF($A81="","",IF(INDEX('潜水記録'!$F$5:$F$3004,$M81)="","",INDEX('潜水記録'!$F$5:$F$3004,$M81))) | F81: =IF($A81="","",IF(INDEX('潜水記録'!$G$5:$G$3004,$M81)="","",INDEX('潜水記録'!$G$5:$G$3004,$M81))) | G81: =IF($A81="","",IF(INDEX('潜水記録'!$H$5:$H$3004,$M81)="","",INDEX('潜水記録'!$H$5:$H$3004,$M81))) | H81: =IF($A81="","",IF(INDEX('潜水記録'!$I$5:$I$3004,$M81)="","",INDEX('潜水記録'!$I$5:$I$3004,$M81))) | I81: =IF($A81="","",IF(INDEX('潜水記録'!$X$5:$X$3004,$M81)="","",INDEX('潜水記録'!$X$5:$X$3004,$M81))) | J81: =IF($A81="","",IF(INDEX('潜水記録'!$O$5:$O$3004,$M81)="","",INDEX('潜水記録'!$O$5:$O$3004,$M81))) | K81: =IF($A81="","",IF(INDEX('潜水記録'!$P$5:$P$3004,$M81)="","",INDEX('潜水記録'!$P$5:$P$3004,$M81))) | L81: =IF($A81="","",IF(INDEX('潜水記録'!$Q$5:$Q$3004,$M81)="","",INDEX('潜水記録'!$Q$5:$Q$3004,$M81))) | M81: =IF($A81="","",MATCH($A81,'潜水記録'!$AG$5:$AG$3004,0))
A82: =IF(73<=$C$6,73,"") | B82: =IF($A82="","",IF(INDEX('潜水記録'!$A$5:$A$3004,$M82)="","",INDEX('潜水記録'!$A$5:$A$3004,$M82))) | C82: =IF($A82="","",IF(INDEX('潜水記録'!$D$5:$D$3004,$M82)="","",INDEX('潜水記録'!$D$5:$D$3004,$M82))) | D82: =IF($A82="","",IF(INDEX('潜水記録'!$E$5:$E$3004,$M82)="","",INDEX('潜水記録'!$E$5:$E$3004,$M82))) | E82: =IF($A82="","",IF(INDEX('潜水記録'!$F$5:$F$3004,$M82)="","",INDEX('潜水記録'!$F$5:$F$3004,$M82))) | F82: =IF($A82="","",IF(INDEX('潜水記録'!$G$5:$G$3004,$M82)="","",INDEX('潜水記録'!$G$5:$G$3004,$M82))) | G82: =IF($A82="","",IF(INDEX('潜水記録'!$H$5:$H$3004,$M82)="","",INDEX('潜水記録'!$H$5:$H$3004,$M82))) | H82: =IF($A82="","",IF(INDEX('潜水記録'!$I$5:$I$3004,$M82)="","",INDEX('潜水記録'!$I$5:$I$3004,$M82))) | I82: =IF($A82="","",IF(INDEX('潜水記録'!$X$5:$X$3004,$M82)="","",INDEX('潜水記録'!$X$5:$X$3004,$M82))) | J82: =IF($A82="","",IF(INDEX('潜水記録'!$O$5:$O$3004,$M82)="","",INDEX('潜水記録'!$O$5:$O$3004,$M82))) | K82: =IF($A82="","",IF(INDEX('潜水記録'!$P$5:$P$3004,$M82)="","",INDEX('潜水記録'!$P$5:$P$3004,$M82))) | L82: =IF($A82="","",IF(INDEX('潜水記録'!$Q$5:$Q$3004,$M82)="","",INDEX('潜水記録'!$Q$5:$Q$3004,$M82))) | M82: =IF($A82="","",MATCH($A82,'潜水記録'!$AG$5:$AG$3004,0))
A83: =IF(74<=$C$6,74,"") | B83: =IF($A83="","",IF(INDEX('潜水記録'!$A$5:$A$3004,$M83)="","",INDEX('潜水記録'!$A$5:$A$3004,$M83))) | C83: =IF($A83="","",IF(INDEX('潜水記録'!$D$5:$D$3004,$M83)="","",INDEX('潜水記録'!$D$5:$D$3004,$M83))) | D83: =IF($A83="","",IF(INDEX('潜水記録'!$E$5:$E$3004,$M83)="","",INDEX('潜水記録'!$E$5:$E$3004,$M83))) | E83: =IF($A83="","",IF(INDEX('潜水記録'!$F$5:$F$3004,$M83)="","",INDEX('潜水記録'!$F$5:$F$3004,$M83))) | F83: =IF($A83="","",IF(INDEX('潜水記録'!$G$5:$G$3004,$M83)="","",INDEX('潜水記録'!$G$5:$G$3004,$M83))) | G83: =IF($A83="","",IF(INDEX('潜水記録'!$H$5:$H$3004,$M83)="","",INDEX('潜水記録'!$H$5:$H$3004,$M83))) | H83: =IF($A83="","",IF(INDEX('潜水記録'!$I$5:$I$3004,$M83)="","",INDEX('潜水記録'!$I$5:$I$3004,$M83))) | I83: =IF($A83="","",IF(INDEX('潜水記録'!$X$5:$X$3004,$M83)="","",INDEX('潜水記録'!$X$5:$X$3004,$M83))) | J83: =IF($A83="","",IF(INDEX('潜水記録'!$O$5:$O$3004,$M83)="","",INDEX('潜水記録'!$O$5:$O$3004,$M83))) | K83: =IF($A83="","",IF(INDEX('潜水記録'!$P$5:$P$3004,$M83)="","",INDEX('潜水記録'!$P$5:$P$3004,$M83))) | L83: =IF($A83="","",IF(INDEX('潜水記録'!$Q$5:$Q$3004,$M83)="","",INDEX('潜水記録'!$Q$5:$Q$3004,$M83))) | M83: =IF($A83="","",MATCH($A83,'潜水記録'!$AG$5:$AG$3004,0))
A84: =IF(75<=$C$6,75,"") | B84: =IF($A84="","",IF(INDEX('潜水記録'!$A$5:$A$3004,$M84)="","",INDEX('潜水記録'!$A$5:$A$3004,$M84))) | C84: =IF($A84="","",IF(INDEX('潜水記録'!$D$5:$D$3004,$M84)="","",INDEX('潜水記録'!$D$5:$D$3004,$M84))) | D84: =IF($A84="","",IF(INDEX('潜水記録'!$E$5:$E$3004,$M84)="","",INDEX('潜水記録'!$E$5:$E$3004,$M84))) | E84: =IF($A84="","",IF(INDEX('潜水記録'!$F$5:$F$3004,$M84)="","",INDEX('潜水記録'!$F$5:$F$3004,$M84))) | F84: =IF($A84="","",IF(INDEX('潜水記録'!$G$5:$G$3004,$M84)="","",INDEX('潜水記録'!$G$5:$G$3004,$M84))) | G84: =IF($A84="","",IF(INDEX('潜水記録'!$H$5:$H$3004,$M84)="","",INDEX('潜水記録'!$H$5:$H$3004,$M84))) | H84: =IF($A84="","",IF(INDEX('潜水記録'!$I$5:$I$3004,$M84)="","",INDEX('潜水記録'!$I$5:$I$3004,$M84))) | I84: =IF($A84="","",IF(INDEX('潜水記録'!$X$5:$X$3004,$M84)="","",INDEX('潜水記録'!$X$5:$X$3004,$M84))) | J84: =IF($A84="","",IF(INDEX('潜水記録'!$O$5:$O$3004,$M84)="","",INDEX('潜水記録'!$O$5:$O$3004,$M84))) | K84: =IF($A84="","",IF(INDEX('潜水記録'!$P$5:$P$3004,$M84)="","",INDEX('潜水記録'!$P$5:$P$3004,$M84))) | L84: =IF($A84="","",IF(INDEX('潜水記録'!$Q$5:$Q$3004,$M84)="","",INDEX('潜水記録'!$Q$5:$Q$3004,$M84))) | M84: =IF($A84="","",MATCH($A84,'潜水記録'!$AG$5:$AG$3004,0))
A85: =IF(76<=$C$6,76,"") | B85: =IF($A85="","",IF(INDEX('潜水記録'!$A$5:$A$3004,$M85)="","",INDEX('潜水記録'!$A$5:$A$3004,$M85))) | C85: =IF($A85="","",IF(INDEX('潜水記録'!$D$5:$D$3004,$M85)="","",INDEX('潜水記録'!$D$5:$D$3004,$M85))) | D85: =IF($A85="","",IF(INDEX('潜水記録'!$E$5:$E$3004,$M85)="","",INDEX('潜水記録'!$E$5:$E$3004,$M85))) | E85: =IF($A85="","",IF(INDEX('潜水記録'!$F$5:$F$3004,$M85)="","",INDEX('潜水記録'!$F$5:$F$3004,$M85))) | F85: =IF($A85="","",IF(INDEX('潜水記録'!$G$5:$G$3004,$M85)="","",INDEX('潜水記録'!$G$5:$G$3004,$M85))) | G85: =IF($A85="","",IF(INDEX('潜水記録'!$H$5:$H$3004,$M85)="","",INDEX('潜水記録'!$H$5:$H$3004,$M85))) | H85: =IF($A85="","",IF(INDEX('潜水記録'!$I$5:$I$3004,$M85)="","",INDEX('潜水記録'!$I$5:$I$3004,$M85))) | I85: =IF($A85="","",IF(INDEX('潜水記録'!$X$5:$X$3004,$M85)="","",INDEX('潜水記録'!$X$5:$X$3004,$M85))) | J85: =IF($A85="","",IF(INDEX('潜水記録'!$O$5:$O$3004,$M85)="","",INDEX('潜水記録'!$O$5:$O$3004,$M85))) | K85: =IF($A85="","",IF(INDEX('潜水記録'!$P$5:$P$3004,$M85)="","",INDEX('潜水記録'!$P$5:$P$3004,$M85))) | L85: =IF($A85="","",IF(INDEX('潜水記録'!$Q$5:$Q$3004,$M85)="","",INDEX('潜水記録'!$Q$5:$Q$3004,$M85))) | M85: =IF($A85="","",MATCH($A85,'潜水記録'!$AG$5:$AG$3004,0))
A86: =IF(77<=$C$6,77,"") | B86: =IF($A86="","",IF(INDEX('潜水記録'!$A$5:$A$3004,$M86)="","",INDEX('潜水記録'!$A$5:$A$3004,$M86))) | C86: =IF($A86="","",IF(INDEX('潜水記録'!$D$5:$D$3004,$M86)="","",INDEX('潜水記録'!$D$5:$D$3004,$M86))) | D86: =IF($A86="","",IF(INDEX('潜水記録'!$E$5:$E$3004,$M86)="","",INDEX('潜水記録'!$E$5:$E$3004,$M86))) | E86: =IF($A86="","",IF(INDEX('潜水記録'!$F$5:$F$3004,$M86)="","",INDEX('潜水記録'!$F$5:$F$3004,$M86))) | F86: =IF($A86="","",IF(INDEX('潜水記録'!$G$5:$G$3004,$M86)="","",INDEX('潜水記録'!$G$5:$G$3004,$M86))) | G86: =IF($A86="","",IF(INDEX('潜水記録'!$H$5:$H$3004,$M86)="","",INDEX('潜水記録'!$H$5:$H$3004,$M86))) | H86: =IF($A86="","",IF(INDEX('潜水記録'!$I$5:$I$3004,$M86)="","",INDEX('潜水記録'!$I$5:$I$3004,$M86))) | I86: =IF($A86="","",IF(INDEX('潜水記録'!$X$5:$X$3004,$M86)="","",INDEX('潜水記録'!$X$5:$X$3004,$M86))) | J86: =IF($A86="","",IF(INDEX('潜水記録'!$O$5:$O$3004,$M86)="","",INDEX('潜水記録'!$O$5:$O$3004,$M86))) | K86: =IF($A86="","",IF(INDEX('潜水記録'!$P$5:$P$3004,$M86)="","",INDEX('潜水記録'!$P$5:$P$3004,$M86))) | L86: =IF($A86="","",IF(INDEX('潜水記録'!$Q$5:$Q$3004,$M86)="","",INDEX('潜水記録'!$Q$5:$Q$3004,$M86))) | M86: =IF($A86="","",MATCH($A86,'潜水記録'!$AG$5:$AG$3004,0))
A87: =IF(78<=$C$6,78,"") | B87: =IF($A87="","",IF(INDEX('潜水記録'!$A$5:$A$3004,$M87)="","",INDEX('潜水記録'!$A$5:$A$3004,$M87))) | C87: =IF($A87="","",IF(INDEX('潜水記録'!$D$5:$D$3004,$M87)="","",INDEX('潜水記録'!$D$5:$D$3004,$M87))) | D87: =IF($A87="","",IF(INDEX('潜水記録'!$E$5:$E$3004,$M87)="","",INDEX('潜水記録'!$E$5:$E$3004,$M87))) | E87: =IF($A87="","",IF(INDEX('潜水記録'!$F$5:$F$3004,$M87)="","",INDEX('潜水記録'!$F$5:$F$3004,$M87))) | F87: =IF($A87="","",IF(INDEX('潜水記録'!$G$5:$G$3004,$M87)="","",INDEX('潜水記録'!$G$5:$G$3004,$M87))) | G87: =IF($A87="","",IF(INDEX('潜水記録'!$H$5:$H$3004,$M87)="","",INDEX('潜水記録'!$H$5:$H$3004,$M87))) | H87: =IF($A87="","",IF(INDEX('潜水記録'!$I$5:$I$3004,$M87)="","",INDEX('潜水記録'!$I$5:$I$3004,$M87))) | I87: =IF($A87="","",IF(INDEX('潜水記録'!$X$5:$X$3004,$M87)="","",INDEX('潜水記録'!$X$5:$X$3004,$M87))) | J87: =IF($A87="","",IF(INDEX('潜水記録'!$O$5:$O$3004,$M87)="","",INDEX('潜水記録'!$O$5:$O$3004,$M87))) | K87: =IF($A87="","",IF(INDEX('潜水記録'!$P$5:$P$3004,$M87)="","",INDEX('潜水記録'!$P$5:$P$3004,$M87))) | L87: =IF($A87="","",IF(INDEX('潜水記録'!$Q$5:$Q$3004,$M87)="","",INDEX('潜水記録'!$Q$5:$Q$3004,$M87))) | M87: =IF($A87="","",MATCH($A87,'潜水記録'!$AG$5:$AG$3004,0))
A88: =IF(79<=$C$6,79,"") | B88: =IF($A88="","",IF(INDEX('潜水記録'!$A$5:$A$3004,$M88)="","",INDEX('潜水記録'!$A$5:$A$3004,$M88))) | C88: =IF($A88="","",IF(INDEX('潜水記録'!$D$5:$D$3004,$M88)="","",INDEX('潜水記録'!$D$5:$D$3004,$M88))) | D88: =IF($A88="","",IF(INDEX('潜水記録'!$E$5:$E$3004,$M88)="","",INDEX('潜水記録'!$E$5:$E$3004,$M88))) | E88: =IF($A88="","",IF(INDEX('潜水記録'!$F$5:$F$3004,$M88)="","",INDEX('潜水記録'!$F$5:$F$3004,$M88))) | F88: =IF($A88="","",IF(INDEX('潜水記録'!$G$5:$G$3004,$M88)="","",INDEX('潜水記録'!$G$5:$G$3004,$M88))) | G88: =IF($A88="","",IF(INDEX('潜水記録'!$H$5:$H$3004,$M88)="","",INDEX('潜水記録'!$H$5:$H$3004,$M88))) | H88: =IF($A88="","",IF(INDEX('潜水記録'!$I$5:$I$3004,$M88)="","",INDEX('潜水記録'!$I$5:$I$3004,$M88))) | I88: =IF($A88="","",IF(INDEX('潜水記録'!$X$5:$X$3004,$M88)="","",INDEX('潜水記録'!$X$5:$X$3004,$M88))) | J88: =IF($A88="","",IF(INDEX('潜水記録'!$O$5:$O$3004,$M88)="","",INDEX('潜水記録'!$O$5:$O$3004,$M88))) | K88: =IF($A88="","",IF(INDEX('潜水記録'!$P$5:$P$3004,$M88)="","",INDEX('潜水記録'!$P$5:$P$3004,$M88))) | L88: =IF($A88="","",IF(INDEX('潜水記録'!$Q$5:$Q$3004,$M88)="","",INDEX('潜水記録'!$Q$5:$Q$3004,$M88))) | M88: =IF($A88="","",MATCH($A88,'潜水記録'!$AG$5:$AG$3004,0))
A89: =IF(80<=$C$6,80,"") | B89: =IF($A89="","",IF(INDEX('潜水記録'!$A$5:$A$3004,$M89)="","",INDEX('潜水記録'!$A$5:$A$3004,$M89))) | C89: =IF($A89="","",IF(INDEX('潜水記録'!$D$5:$D$3004,$M89)="","",INDEX('潜水記録'!$D$5:$D$3004,$M89))) | D89: =IF($A89="","",IF(INDEX('潜水記録'!$E$5:$E$3004,$M89)="","",INDEX('潜水記録'!$E$5:$E$3004,$M89))) | E89: =IF($A89="","",IF(INDEX('潜水記録'!$F$5:$F$3004,$M89)="","",INDEX('潜水記録'!$F$5:$F$3004,$M89))) | F89: =IF($A89="","",IF(INDEX('潜水記録'!$G$5:$G$3004,$M89)="","",INDEX('潜水記録'!$G$5:$G$3004,$M89))) | G89: =IF($A89="","",IF(INDEX('潜水記録'!$H$5:$H$3004,$M89)="","",INDEX('潜水記録'!$H$5:$H$3004,$M89))) | H89: =IF($A89="","",IF(INDEX('潜水記録'!$I$5:$I$3004,$M89)="","",INDEX('潜水記録'!$I$5:$I$3004,$M89))) | I89: =IF($A89="","",IF(INDEX('潜水記録'!$X$5:$X$3004,$M89)="","",INDEX('潜水記録'!$X$5:$X$3004,$M89))) | J89: =IF($A89="","",IF(INDEX('潜水記録'!$O$5:$O$3004,$M89)="","",INDEX('潜水記録'!$O$5:$O$3004,$M89))) | K89: =IF($A89="","",IF(INDEX('潜水記録'!$P$5:$P$3004,$M89)="","",INDEX('潜水記録'!$P$5:$P$3004,$M89))) | L89: =IF($A89="","",IF(INDEX('潜水記録'!$Q$5:$Q$3004,$M89)="","",INDEX('潜水記録'!$Q$5:$Q$3004,$M89))) | M89: =IF($A89="","",MATCH($A89,'潜水記録'!$AG$5:$AG$3004,0))
A90: =IF(81<=$C$6,81,"") | B90: =IF($A90="","",IF(INDEX('潜水記録'!$A$5:$A$3004,$M90)="","",INDEX('潜水記録'!$A$5:$A$3004,$M90))) | C90: =IF($A90="","",IF(INDEX('潜水記録'!$D$5:$D$3004,$M90)="","",INDEX('潜水記録'!$D$5:$D$3004,$M90))) | D90: =IF($A90="","",IF(INDEX('潜水記録'!$E$5:$E$3004,$M90)="","",INDEX('潜水記録'!$E$5:$E$3004,$M90))) | E90: =IF($A90="","",IF(INDEX('潜水記録'!$F$5:$F$3004,$M90)="","",INDEX('潜水記録'!$F$5:$F$3004,$M90))) | F90: =IF($A90="","",IF(INDEX('潜水記録'!$G$5:$G$3004,$M90)="","",INDEX('潜水記録'!$G$5:$G$3004,$M90))) | G90: =IF($A90="","",IF(INDEX('潜水記録'!$H$5:$H$3004,$M90)="","",INDEX('潜水記録'!$H$5:$H$3004,$M90))) | H90: =IF($A90="","",IF(INDEX('潜水記録'!$I$5:$I$3004,$M90)="","",INDEX('潜水記録'!$I$5:$I$3004,$M90))) | I90: =IF($A90="","",IF(INDEX('潜水記録'!$X$5:$X$3004,$M90)="","",INDEX('潜水記録'!$X$5:$X$3004,$M90))) | J90: =IF($A90="","",IF(INDEX('潜水記録'!$O$5:$O$3004,$M90)="","",INDEX('潜水記録'!$O$5:$O$3004,$M90))) | K90: =IF($A90="","",IF(INDEX('潜水記録'!$P$5:$P$3004,$M90)="","",INDEX('潜水記録'!$P$5:$P$3004,$M90))) | L90: =IF($A90="","",IF(INDEX('潜水記録'!$Q$5:$Q$3004,$M90)="","",INDEX('潜水記録'!$Q$5:$Q$3004,$M90))) | M90: =IF($A90="","",MATCH($A90,'潜水記録'!$AG$5:$AG$3004,0))
A91: =IF(82<=$C$6,82,"") | B91: =IF($A91="","",IF(INDEX('潜水記録'!$A$5:$A$3004,$M91)="","",INDEX('潜水記録'!$A$5:$A$3004,$M91))) | C91: =IF($A91="","",IF(INDEX('潜水記録'!$D$5:$D$3004,$M91)="","",INDEX('潜水記録'!$D$5:$D$3004,$M91))) | D91: =IF($A91="","",IF(INDEX('潜水記録'!$E$5:$E$3004,$M91)="","",INDEX('潜水記録'!$E$5:$E$3004,$M91))) | E91: =IF($A91="","",IF(INDEX('潜水記録'!$F$5:$F$3004,$M91)="","",INDEX('潜水記録'!$F$5:$F$3004,$M91))) | F91: =IF($A91="","",IF(INDEX('潜水記録'!$G$5:$G$3004,$M91)="","",INDEX('潜水記録'!$G$5:$G$3004,$M91))) | G91: =IF($A91="","",IF(INDEX('潜水記録'!$H$5:$H$3004,$M91)="","",INDEX('潜水記録'!$H$5:$H$3004,$M91))) | H91: =IF($A91="","",IF(INDEX('潜水記録'!$I$5:$I$3004,$M91)="","",INDEX('潜水記録'!$I$5:$I$3004,$M91))) | I91: =IF($A91="","",IF(INDEX('潜水記録'!$X$5:$X$3004,$M91)="","",INDEX('潜水記録'!$X$5:$X$3004,$M91))) | J91: =IF($A91="","",IF(INDEX('潜水記録'!$O$5:$O$3004,$M91)="","",INDEX('潜水記録'!$O$5:$O$3004,$M91))) | K91: =IF($A91="","",IF(INDEX('潜水記録'!$P$5:$P$3004,$M91)="","",INDEX('潜水記録'!$P$5:$P$3004,$M91))) | L91: =IF($A91="","",IF(INDEX('潜水記録'!$Q$5:$Q$3004,$M91)="","",INDEX('潜水記録'!$Q$5:$Q$3004,$M91))) | M91: =IF($A91="","",MATCH($A91,'潜水記録'!$AG$5:$AG$3004,0))
A92: =IF(83<=$C$6,83,"") | B92: =IF($A92="","",IF(INDEX('潜水記録'!$A$5:$A$3004,$M92)="","",INDEX('潜水記録'!$A$5:$A$3004,$M92))) | C92: =IF($A92="","",IF(INDEX('潜水記録'!$D$5:$D$3004,$M92)="","",INDEX('潜水記録'!$D$5:$D$3004,$M92))) | D92: =IF($A92="","",IF(INDEX('潜水記録'!$E$5:$E$3004,$M92)="","",INDEX('潜水記録'!$E$5:$E$3004,$M92))) | E92: =IF($A92="","",IF(INDEX('潜水記録'!$F$5:$F$3004,$M92)="","",INDEX('潜水記録'!$F$5:$F$3004,$M92))) | F92: =IF($A92="","",IF(INDEX('潜水記録'!$G$5:$G$3004,$M92)="","",INDEX('潜水記録'!$G$5:$G$3004,$M92))) | G92: =IF($A92="","",IF(INDEX('潜水記録'!$H$5:$H$3004,$M92)="","",INDEX('潜水記録'!$H$5:$H$3004,$M92))) | H92: =IF($A92="","",IF(INDEX('潜水記録'!$I$5:$I$3004,$M92)="","",INDEX('潜水記録'!$I$5:$I$3004,$M92))) | I92: =IF($A92="","",IF(INDEX('潜水記録'!$X$5:$X$3004,$M92)="","",INDEX('潜水記録'!$X$5:$X$3004,$M92))) | J92: =IF($A92="","",IF(INDEX('潜水記録'!$O$5:$O$3004,$M92)="","",INDEX('潜水記録'!$O$5:$O$3004,$M92))) | K92: =IF($A92="","",IF(INDEX('潜水記録'!$P$5:$P$3004,$M92)="","",INDEX('潜水記録'!$P$5:$P$3004,$M92))) | L92: =IF($A92="","",IF(INDEX('潜水記録'!$Q$5:$Q$3004,$M92)="","",INDEX('潜水記録'!$Q$5:$Q$3004,$M92))) | M92: =IF($A92="","",MATCH($A92,'潜水記録'!$AG$5:$AG$3004,0))
A93: =IF(84<=$C$6,84,"") | B93: =IF($A93="","",IF(INDEX('潜水記録'!$A$5:$A$3004,$M93)="","",INDEX('潜水記録'!$A$5:$A$3004,$M93))) | C93: =IF($A93="","",IF(INDEX('潜水記録'!$D$5:$D$3004,$M93)="","",INDEX('潜水記録'!$D$5:$D$3004,$M93))) | D93: =IF($A93="","",IF(INDEX('潜水記録'!$E$5:$E$3004,$M93)="","",INDEX('潜水記録'!$E$5:$E$3004,$M93))) | E93: =IF($A93="","",IF(INDEX('潜水記録'!$F$5:$F$3004,$M93)="","",INDEX('潜水記録'!$F$5:$F$3004,$M93))) | F93: =IF($A93="","",IF(INDEX('潜水記録'!$G$5:$G$3004,$M93)="","",INDEX('潜水記録'!$G$5:$G$3004,$M93))) | G93: =IF($A93="","",IF(INDEX('潜水記録'!$H$5:$H$3004,$M93)="","",INDEX('潜水記録'!$H$5:$H$3004,$M93))) | H93: =IF($A93="","",IF(INDEX('潜水記録'!$I$5:$I$3004,$M93)="","",INDEX('潜水記録'!$I$5:$I$3004,$M93))) | I93: =IF($A93="","",IF(INDEX('潜水記録'!$X$5:$X$3004,$M93)="","",INDEX('潜水記録'!$X$5:$X$3004,$M93))) | J93: =IF($A93="","",IF(INDEX('潜水記録'!$O$5:$O$3004,$M93)="","",INDEX('潜水記録'!$O$5:$O$3004,$M93))) | K93: =IF($A93="","",IF(INDEX('潜水記録'!$P$5:$P$3004,$M93)="","",INDEX('潜水記録'!$P$5:$P$3004,$M93))) | L93: =IF($A93="","",IF(INDEX('潜水記録'!$Q$5:$Q$3004,$M93)="","",INDEX('潜水記録'!$Q$5:$Q$3004,$M93))) | M93: =IF($A93="","",MATCH($A93,'潜水記録'!$AG$5:$AG$3004,0))
A94: =IF(85<=$C$6,85,"") | B94: =IF($A94="","",IF(INDEX('潜水記録'!$A$5:$A$3004,$M94)="","",INDEX('潜水記録'!$A$5:$A$3004,$M94))) | C94: =IF($A94="","",IF(INDEX('潜水記録'!$D$5:$D$3004,$M94)="","",INDEX('潜水記録'!$D$5:$D$3004,$M94))) | D94: =IF($A94="","",IF(INDEX('潜水記録'!$E$5:$E$3004,$M94)="","",INDEX('潜水記録'!$E$5:$E$3004,$M94))) | E94: =IF($A94="","",IF(INDEX('潜水記録'!$F$5:$F$3004,$M94)="","",INDEX('潜水記録'!$F$5:$F$3004,$M94))) | F94: =IF($A94="","",IF(INDEX('潜水記録'!$G$5:$G$3004,$M94)="","",INDEX('潜水記録'!$G$5:$G$3004,$M94))) | G94: =IF($A94="","",IF(INDEX('潜水記録'!$H$5:$H$3004,$M94)="","",INDEX('潜水記録'!$H$5:$H$3004,$M94))) | H94: =IF($A94="","",IF(INDEX('潜水記録'!$I$5:$I$3004,$M94)="","",INDEX('潜水記録'!$I$5:$I$3004,$M94))) | I94: =IF($A94="","",IF(INDEX('潜水記録'!$X$5:$X$3004,$M94)="","",INDEX('潜水記録'!$X$5:$X$3004,$M94))) | J94: =IF($A94="","",IF(INDEX('潜水記録'!$O$5:$O$3004,$M94)="","",INDEX('潜水記録'!$O$5:$O$3004,$M94))) | K94: =IF($A94="","",IF(INDEX('潜水記録'!$P$5:$P$3004,$M94)="","",INDEX('潜水記録'!$P$5:$P$3004,$M94))) | L94: =IF($A94="","",IF(INDEX('潜水記録'!$Q$5:$Q$3004,$M94)="","",INDEX('潜水記録'!$Q$5:$Q$3004,$M94))) | M94: =IF($A94="","",MATCH($A94,'潜水記録'!$AG$5:$AG$3004,0))
A95: =IF(86<=$C$6,86,"") | B95: =IF($A95="","",IF(INDEX('潜水記録'!$A$5:$A$3004,$M95)="","",INDEX('潜水記録'!$A$5:$A$3004,$M95))) | C95: =IF($A95="","",IF(INDEX('潜水記録'!$D$5:$D$3004,$M95)="","",INDEX('潜水記録'!$D$5:$D$3004,$M95))) | D95: =IF($A95="","",IF(INDEX('潜水記録'!$E$5:$E$3004,$M95)="","",INDEX('潜水記録'!$E$5:$E$3004,$M95))) | E95: =IF($A95="","",IF(INDEX('潜水記録'!$F$5:$F$3004,$M95)="","",INDEX('潜水記録'!$F$5:$F$3004,$M95))) | F95: =IF($A95="","",IF(INDEX('潜水記録'!$G$5:$G$3004,$M95)="","",INDEX('潜水記録'!$G$5:$G$3004,$M95))) | G95: =IF($A95="","",IF(INDEX('潜水記録'!$H$5:$H$3004,$M95)="","",INDEX('潜水記録'!$H$5:$H$3004,$M95))) | H95: =IF($A95="","",IF(INDEX('潜水記録'!$I$5:$I$3004,$M95)="","",INDEX('潜水記録'!$I$5:$I$3004,$M95))) | I95: =IF($A95="","",IF(INDEX('潜水記録'!$X$5:$X$3004,$M95)="","",INDEX('潜水記録'!$X$5:$X$3004,$M95))) | J95: =IF($A95="","",IF(INDEX('潜水記録'!$O$5:$O$3004,$M95)="","",INDEX('潜水記録'!$O$5:$O$3004,$M95))) | K95: =IF($A95="","",IF(INDEX('潜水記録'!$P$5:$P$3004,$M95)="","",INDEX('潜水記録'!$P$5:$P$3004,$M95))) | L95: =IF($A95="","",IF(INDEX('潜水記録'!$Q$5:$Q$3004,$M95)="","",INDEX('潜水記録'!$Q$5:$Q$3004,$M95))) | M95: =IF($A95="","",MATCH($A95,'潜水記録'!$AG$5:$AG$3004,0))
A96: =IF(87<=$C$6,87,"") | B96: =IF($A96="","",IF(INDEX('潜水記録'!$A$5:$A$3004,$M96)="","",INDEX('潜水記録'!$A$5:$A$3004,$M96))) | C96: =IF($A96="","",IF(INDEX('潜水記録'!$D$5:$D$3004,$M96)="","",INDEX('潜水記録'!$D$5:$D$3004,$M96))) | D96: =IF($A96="","",IF(INDEX('潜水記録'!$E$5:$E$3004,$M96)="","",INDEX('潜水記録'!$E$5:$E$3004,$M96))) | E96: =IF($A96="","",IF(INDEX('潜水記録'!$F$5:$F$3004,$M96)="","",INDEX('潜水記録'!$F$5:$F$3004,$M96))) | F96: =IF($A96="","",IF(INDEX('潜水記録'!$G$5:$G$3004,$M96)="","",INDEX('潜水記録'!$G$5:$G$3004,$M96))) | G96: =IF($A96="","",IF(INDEX('潜水記録'!$H$5:$H$3004,$M96)="","",INDEX('潜水記録'!$H$5:$H$3004,$M96))) | H96: =IF($A96="","",IF(INDEX('潜水記録'!$I$5:$I$3004,$M96)="","",INDEX('潜水記録'!$I$5:$I$3004,$M96))) | I96: =IF($A96="","",IF(INDEX('潜水記録'!$X$5:$X$3004,$M96)="","",INDEX('潜水記録'!$X$5:$X$3004,$M96))) | J96: =IF($A96="","",IF(INDEX('潜水記録'!$O$5:$O$3004,$M96)="","",INDEX('潜水記録'!$O$5:$O$3004,$M96))) | K96: =IF($A96="","",IF(INDEX('潜水記録'!$P$5:$P$3004,$M96)="","",INDEX('潜水記録'!$P$5:$P$3004,$M96))) | L96: =IF($A96="","",IF(INDEX('潜水記録'!$Q$5:$Q$3004,$M96)="","",INDEX('潜水記録'!$Q$5:$Q$3004,$M96))) | M96: =IF($A96="","",MATCH($A96,'潜水記録'!$AG$5:$AG$3004,0))
A97: =IF(88<=$C$6,88,"") | B97: =IF($A97="","",IF(INDEX('潜水記録'!$A$5:$A$3004,$M97)="","",INDEX('潜水記録'!$A$5:$A$3004,$M97))) | C97: =IF($A97="","",IF(INDEX('潜水記録'!$D$5:$D$3004,$M97)="","",INDEX('潜水記録'!$D$5:$D$3004,$M97))) | D97: =IF($A97="","",IF(INDEX('潜水記録'!$E$5:$E$3004,$M97)="","",INDEX('潜水記録'!$E$5:$E$3004,$M97))) | E97: =IF($A97="","",IF(INDEX('潜水記録'!$F$5:$F$3004,$M97)="","",INDEX('潜水記録'!$F$5:$F$3004,$M97))) | F97: =IF($A97="","",IF(INDEX('潜水記録'!$G$5:$G$3004,$M97)="","",INDEX('潜水記録'!$G$5:$G$3004,$M97))) | G97: =IF($A97="","",IF(INDEX('潜水記録'!$H$5:$H$3004,$M97)="","",INDEX('潜水記録'!$H$5:$H$3004,$M97))) | H97: =IF($A97="","",IF(INDEX('潜水記録'!$I$5:$I$3004,$M97)="","",INDEX('潜水記録'!$I$5:$I$3004,$M97))) | I97: =IF($A97="","",IF(INDEX('潜水記録'!$X$5:$X$3004,$M97)="","",INDEX('潜水記録'!$X$5:$X$3004,$M97))) | J97: =IF($A97="","",IF(INDEX('潜水記録'!$O$5:$O$3004,$M97)="","",INDEX('潜水記録'!$O$5:$O$3004,$M97))) | K97: =IF($A97="","",IF(INDEX('潜水記録'!$P$5:$P$3004,$M97)="","",INDEX('潜水記録'!$P$5:$P$3004,$M97))) | L97: =IF($A97="","",IF(INDEX('潜水記録'!$Q$5:$Q$3004,$M97)="","",INDEX('潜水記録'!$Q$5:$Q$3004,$M97))) | M97: =IF($A97="","",MATCH($A97,'潜水記録'!$AG$5:$AG$3004,0))
A98: =IF(89<=$C$6,89,"") | B98: =IF($A98="","",IF(INDEX('潜水記録'!$A$5:$A$3004,$M98)="","",INDEX('潜水記録'!$A$5:$A$3004,$M98))) | C98: =IF($A98="","",IF(INDEX('潜水記録'!$D$5:$D$3004,$M98)="","",INDEX('潜水記録'!$D$5:$D$3004,$M98))) | D98: =IF($A98="","",IF(INDEX('潜水記録'!$E$5:$E$3004,$M98)="","",INDEX('潜水記録'!$E$5:$E$3004,$M98))) | E98: =IF($A98="","",IF(INDEX('潜水記録'!$F$5:$F$3004,$M98)="","",INDEX('潜水記録'!$F$5:$F$3004,$M98))) | F98: =IF($A98="","",IF(INDEX('潜水記録'!$G$5:$G$3004,$M98)="","",INDEX('潜水記録'!$G$5:$G$3004,$M98))) | G98: =IF($A98="","",IF(INDEX('潜水記録'!$H$5:$H$3004,$M98)="","",INDEX('潜水記録'!$H$5:$H$3004,$M98))) | H98: =IF($A98="","",IF(INDEX('潜水記録'!$I$5:$I$3004,$M98)="","",INDEX('潜水記録'!$I$5:$I$3004,$M98))) | I98: =IF($A98="","",IF(INDEX('潜水記録'!$X$5:$X$3004,$M98)="","",INDEX('潜水記録'!$X$5:$X$3004,$M98))) | J98: =IF($A98="","",IF(INDEX('潜水記録'!$O$5:$O$3004,$M98)="","",INDEX('潜水記録'!$O$5:$O$3004,$M98))) | K98: =IF($A98="","",IF(INDEX('潜水記録'!$P$5:$P$3004,$M98)="","",INDEX('潜水記録'!$P$5:$P$3004,$M98))) | L98: =IF($A98="","",IF(INDEX('潜水記録'!$Q$5:$Q$3004,$M98)="","",INDEX('潜水記録'!$Q$5:$Q$3004,$M98))) | M98: =IF($A98="","",MATCH($A98,'潜水記録'!$AG$5:$AG$3004,0))
A99: =IF(90<=$C$6,90,"") | B99: =IF($A99="","",IF(INDEX('潜水記録'!$A$5:$A$3004,$M99)="","",INDEX('潜水記録'!$A$5:$A$3004,$M99))) | C99: =IF($A99="","",IF(INDEX('潜水記録'!$D$5:$D$3004,$M99)="","",INDEX('潜水記録'!$D$5:$D$3004,$M99))) | D99: =IF($A99="","",IF(INDEX('潜水記録'!$E$5:$E$3004,$M99)="","",INDEX('潜水記録'!$E$5:$E$3004,$M99))) | E99: =IF($A99="","",IF(INDEX('潜水記録'!$F$5:$F$3004,$M99)="","",INDEX('潜水記録'!$F$5:$F$3004,$M99))) | F99: =IF($A99="","",IF(INDEX('潜水記録'!$G$5:$G$3004,$M99)="","",INDEX('潜水記録'!$G$5:$G$3004,$M99))) | G99: =IF($A99="","",IF(INDEX('潜水記録'!$H$5:$H$3004,$M99)="","",INDEX('潜水記録'!$H$5:$H$3004,$M99))) | H99: =IF($A99="","",IF(INDEX('潜水記録'!$I$5:$I$3004,$M99)="","",INDEX('潜水記録'!$I$5:$I$3004,$M99))) | I99: =IF($A99="","",IF(INDEX('潜水記録'!$X$5:$X$3004,$M99)="","",INDEX('潜水記録'!$X$5:$X$3004,$M99))) | J99: =IF($A99="","",IF(INDEX('潜水記録'!$O$5:$O$3004,$M99)="","",INDEX('潜水記録'!$O$5:$O$3004,$M99))) | K99: =IF($A99="","",IF(INDEX('潜水記録'!$P$5:$P$3004,$M99)="","",INDEX('潜水記録'!$P$5:$P$3004,$M99))) | L99: =IF($A99="","",IF(INDEX('潜水記録'!$Q$5:$Q$3004,$M99)="","",INDEX('潜水記録'!$Q$5:$Q$3004,$M99))) | M99: =IF($A99="","",MATCH($A99,'潜水記録'!$AG$5:$AG$3004,0))
